feature,abs_corr_with_label,type
n_vasoactives_24h,0.543920266498416,vaso
vaso_dopamine,0.47361103343571537,vaso
lactate_max,0.47174946920529565,clinical
calcium_count,0.4509191277147546,count
sodium_count,0.4403516496023471,count
base_excess_count,0.43999744379567995,count
potassium_count,0.4399918257407057,count
bicarbonate_count,0.43882661881870866,count
anion_gap_count,0.43528244544398004,count
lactate_count,0.4351499440799018,count
hematocrit_count,0.4225000956990764,count
hemoglobin_count,0.4189664023465979,count
lactate_mean,0.41678083624956597,clinical
lactate_first,0.4147613583675283,clinical
spo2_lab_count,0.41387047307285174,count
glucose_count,0.4114359724610275,count
pao2_count,0.38784045100627623,count
pco2_count,0.3869291867368086,count
ph_count,0.38669365502711195,count
inr_trend_was_measured,0.3825577613012595,clinical
fibrinogen_max_was_measured,0.37799372387724056,clinical
vaso_epinephrine,0.3766259391833103,vaso
pt_count,0.37481876320506036,count
inr_count,0.3743947950482455,count
fibrinogen_count,0.37354881439609405,count
vaso_dobutamine,0.36916292152862057,vaso
ddimer_max_was_measured,0.36411717080761363,clinical
ptt_count,0.36368178085177033,count
ddimer_count,0.36125861962093087,count
pt_mean,0.34903691453315205,clinical
ddimer_max,0.34743636452425075,clinical
ddimer_mean,0.34571274429455967,clinical
ddimer_first,0.33925237043053036,clinical
ddimer_min,0.33781536379554444,clinical
pt_max,0.33586924478542374,clinical
pt_first,0.3234319464390917,clinical
inr_mean,0.3205597176759766,clinical
base_excess_min,0.319658110384301,clinical
platelets_min,0.31626955538172746,clinical
pt_min,0.31127622028925733,clinical
inr_min,0.31037576509849546,clinical
platelets_mean,0.30544853718338105,clinical
bicarbonate_min,0.3016386743549336,clinical
vaso_milrinone,0.2968276150280639,vaso
ph_min,0.29618285953240514,clinical
inr_max,0.2874095452449323,clinical
platelets_first,0.2787602323645669,clinical
lactate_min,0.2771742464508116,clinical
platelets_max,0.2769575029570979,clinical
calcium_min,0.26997700002763286,clinical
inr_first,0.26971961481902906,clinical
glucose_max,0.26916206391191727,clinical
hematocrit_min,0.26846008084332607,clinical
ptt_max,0.2665499980580073,clinical
ptt_mean,0.2608814093271461,clinical
anion_gap_max,0.24552454979258836,clinical
ptt_first,0.23915293230620666,clinical
ast_max_was_measured,0.23295978669018796,clinical
albumin_max_was_measured,0.23295978669018796,clinical
ldh_max_was_measured,0.2324652178565062,clinical
ck_max_was_measured,0.23200876676933088,clinical
uric_acid_max_was_measured,0.23160588986655073,clinical
vaso_norepinephrine,0.22926433441288288,vaso
uric_acid_max,0.22563405328649996,clinical
uric_acid_mean,0.2242057882887007,clinical
uric_acid_first,0.2240964586962522,clinical
base_excess_first,0.22315437440625538,clinical
uric_acid_min,0.2219604599924589,clinical
alt_count,0.22139190484005705,count
creatinine_count,0.21710945173254223,count
crp_max,0.21494233426034662,clinical
ptt_min,0.21322777859867376,clinical
glucose_mean,0.21229604500355712,clinical
inr_max_was_measured,0.2115701536912426,clinical
pt_max_was_measured,0.2115701536912426,clinical
crp_mean,0.21045809666620138,clinical
spo2_lab_min,0.2059220404720786,clinical
pao2_max,0.20547570540953664,clinical
ldh_max,0.2048282991754289,clinical
creatinine_trend_was_measured,0.20420099335081987,clinical
ldh_first,0.20411663818116424,clinical
ldh_mean,0.20094720817259004,clinical
ptt_max_was_measured,0.19892130327136287,clinical
crp_min,0.19779182221078223,clinical
glucose_first,0.19730882649718293,clinical
crp_first,0.1968685504114047,clinical
bicarbonate_first,0.19378410897022533,clinical
ldh_min,0.19325597170036055,clinical
glucose_trend_was_measured,0.18895522572569456,clinical
pco2_max,0.18596703880512108,clinical
ast_count,0.18297079390429713,count
alt_max,0.1821380034465007,clinical
albumin_count,0.18199696507398963,count
potassium_min,0.18172552467829822,clinical
uric_acid_count,0.18070484442162857,count
base_excess_mean,0.18052900980132663,clinical
care_unit_CICU,0.178696183980085,clinical
ph_mean,0.1785391021865313,clinical
ast_first,0.17774726427705945,clinical
alt_mean,0.17737213444908093,clinical
hematocrit_mean,0.17729483393672313,clinical
ast_min,0.17668864991520616,clinical
alt_first,0.17597284510484854,clinical
ldh_count,0.17349960026389044,count
ast_mean,0.17303540021703445,clinical
ck_count,0.170659378458485,count
ast_max,0.16678542613433092,clinical
bilirubin_max_was_measured,0.16656014415412512,clinical
alt_min,0.16568674464579586,clinical
sodium_max,0.1654640438170167,clinical
alt_max_was_measured,0.16302500435623754,clinical
ph_first,0.16291397136896263,clinical
creatinine_max_was_measured,0.1628855077755833,clinical
albumin_mean,0.16283533784560586,clinical
albumin_max,0.16250120865238313,clinical
albumin_min,0.16156182612437842,clinical
albumin_first,0.16153823364426,clinical
platelets_count,0.16132358170705174,count
sodium_trend,0.15896420421613322,trend
wbc_count,0.15702642387846302,count
anion_gap_first,0.15701592945347245,clinical
calcium_max,0.1568406883288519,clinical
hematocrit_first,0.15502230718863297,clinical
urea_max,0.15351133833612085,clinical
urea_max_was_measured,0.15344551154641284,clinical
bicarbonate_mean,0.15317071600833626,clinical
urea_mean,0.152019615485032,clinical
anion_gap_mean,0.15177160823754154,clinical
urea_min,0.14994459638921306,clinical
urea_count,0.1488346246293838,count
urea_first,0.14616427054835177,clinical
bilirubin_count,0.145568235659649,count
pco2_min,0.14387665110892206,clinical
base_excess_trend,0.14384505597085137,trend
crp_count,0.13811144276437656,count
pao2_min,0.1340774218282243,clinical
care_unit_NICU,0.13334592801202477,clinical
n_antibiotics_24h,0.13107513514762675,clinical
platelets_trend_was_measured,0.12273224008190221,clinical
crp_max_was_measured,0.12166434632089992,clinical
wbc_trend_was_measured,0.11991702095756865,clinical
potassium_max,0.11917668486370359,clinical
hr_abnormal_for_age,0.11883182172423691,clinical
calcium_first,0.1175653649784421,clinical
resp_rate_mean,0.11479854655462673,clinical
fluid_input_total_ml,0.11192841876265977,fluid
calcium_mean,0.11106003616812402,clinical
spo2_lab_first,0.11011190748487182,clinical
hemoglobin_mean,0.1098600381972302,clinical
fluid_balance_ml,0.10955902497597159,fluid
hemoglobin_min,0.10953595746292015,clinical
resp_rate_max,0.10736655323065838,clinical
resp_rate_min,0.10718885327626493,clinical
lactate_trend,0.10625399478265485,trend
care_unit_SICU,0.10499200428035049,clinical
spo2_lab_mean,0.09855926530316908,clinical
care_unit_General ICU,0.09168915852965728,clinical
resp_rate_first,0.08952609484269627,clinical
anc_count,0.08625853186467512,count
alc_count,0.08561538208865042,count
sodium_min,0.07463246767716741,clinical
had_cardiac_surgery_flag,0.0738856669701081,clinical
creatinine_mean,0.07112102997690527,clinical
hemoglobin_trend,0.07039190677033838,trend
creatinine_min,0.07038194988958973,clinical
creatinine_max,0.06955212814686729,clinical
creatinine_first,0.06845919946197475,clinical
temperature_max_was_measured,0.0676277719399195,clinical
age_years,0.06490148390357876,clinical
ck_max,0.06417095936239062,clinical
ck_first,0.06381706768315334,clinical
pao2_mean,0.0637993003756247,clinical
hematocrit_max,0.06353545870152531,clinical
hemoglobin_first,0.06315441937690404,clinical
ck_mean,0.06060244118828409,clinical
hemoglobin_max,0.060078953467772235,clinical
ck_min,0.056562912834781834,clinical
heart_rate_max_was_measured,0.05497126934009424,clinical
sodium_mean,0.054551321458957504,clinical
wbc_trend,0.05406047263664108,trend
n_cultures_24h,0.05329080908983518,clinical
glucose_trend,0.0529661919340356,trend
temperature_max,0.052197161724914815,clinical
alc_min,0.052011545750981096,clinical
resp_rate_max_was_measured,0.049485751010647096,clinical
systolic_bp_min,0.049419183095960925,clinical
rr_abnormal_for_age,0.048133978926811226,clinical
temperature_trend_was_measured,0.04799116148159559,clinical
pao2_first,0.047044932203723556,clinical
systolic_bp_mean,0.04599989147508691,clinical
alc_first,0.045681933876089036,clinical
wbc_max,0.045674454104025076,clinical
inr_trend,0.04550272366910441,trend
n_positive_cultures,0.04522569051761357,clinical
platelets_trend,0.045078345252440685,trend
resp_rate_trend,0.044891008315987406,trend
pco2_mean,0.04455035534384921,clinical
resp_rate_trend_was_measured,0.044431500363496045,clinical
systolic_bp_first,0.04427467139346983,clinical
systolic_bp_max,0.044233466031549144,clinical
care_unit_PICU,0.04416719819663939,clinical
map_min,0.04277944610116246,clinical
wbc_first,0.042250783185358756,clinical
map_mean,0.039657346188816445,clinical
gender,0.03915269606729559,clinical
temperature_count,0.03905942495618827,count
bilirubin_first,0.038916708616784576,clinical
bilirubin_max,0.03883005040553222,clinical
bicarbonate_max,0.03874992018302914,clinical
heart_rate_count,0.03800463784158993,count
symptom_cyanosis,0.03787397984453149,clinical
diastolic_bp_min,0.036938970022538146,clinical
bilirubin_mean,0.03624102718441758,clinical
map_max,0.035592782583124725,clinical
potassium_trend,0.03559171902667515,trend
map_first,0.0349473851340809,clinical
resp_rate_count,0.03445831668470336,count
diastolic_bp_mean,0.03402088568863871,clinical
anion_gap_min,0.03352390214159959,clinical
symptom_dry_and_moist_rales,0.0324397445949901,clinical
bilirubin_min,0.031775662115743744,clinical
wbc_mean,0.031241771531375542,clinical
symptom_rale,0.030390533486883264,clinical
symptom_fever,0.030338789034004287,clinical
bilirubin_trend,0.028229030118739912,trend
diastolic_bp_max,0.02789506338223413,clinical
diastolic_bp_first,0.027884640029526238,clinical
symptom_diarrhea,0.027277368451273216,clinical
symptom_cool_extremities,0.026906986204127868,clinical
spo2_trend,0.026510024694493626,trend
heart_rate_trend_was_measured,0.02582590903827743,clinical
potassium_mean,0.025654463839164275,clinical
anc_max,0.025072798594837208,clinical
symptom_warm_extremities,0.0243927902643926,clinical
temperature_trend,0.023471787639655402,trend
fibrinogen_min,0.021890654286035982,clinical
symptom_anhelation,0.021868552592742653,clinical
symptom_edema,0.0217255654869346,clinical
shock_index,0.021625448765826095,clinical
temperature_first,0.02089315091701327,clinical
sodium_first,0.01982239640887171,clinical
map_max_was_measured,0.01960126899113785,clinical
diastolic_bp_max_was_measured,0.01960126899113785,clinical
spo2_max_was_measured,0.01951060737550782,clinical
fibrinogen_first,0.019461231327859006,clinical
symptom_abdominal_distension,0.019192416769999686,clinical
systolic_bp_max_was_measured,0.019080573154456555,clinical
ph_max,0.017634913112568516,clinical
alc_max,0.01758599779169022,clinical
alc_mean,0.016257686962324023,clinical
spo2_count,0.015862610489153463,count
creatinine_trend,0.01443127308406516,trend
symptom_abdominal_tenderness,0.014322158218550967,clinical
heart_rate_max,0.01420547840489465,clinical
anc_min,0.014129013247924423,clinical
fibrinogen_mean,0.0140814521799345,clinical
symptom_hemorrhage,0.014066423943609267,clinical
wbc_min,0.014050793968149827,clinical
symptom_moist_rale,0.01354142442952847,clinical
base_excess_max,0.013260569369021266,clinical
symptom_phlegm_sound,0.012877787014511548,clinical
symptom_headache,0.012877787014511524,clinical
spo2_first,0.012442413831572515,clinical
spo2_min,0.012368406444748384,clinical
los_hours,0.012321807100567317,clinical
symptom_dysphoria,0.012189159062065294,clinical
symptom_tenderness,0.012189159062065283,clinical
heart_rate_mean,0.011830464718434994,clinical
symptom_cough,0.011239273636400145,clinical
temperature_min,0.011213492283864878,clinical
map_count,0.01084560049291021,count
diastolic_bp_count,0.01084560049291021,count
systolic_bp_count,0.010602585879121006,count
ph_trend,0.008904896495615204,trend
glucose_min,0.008867453168605488,clinical
spo2_lab_max,0.008243647109253625,clinical
symptom_chest_tightness,0.0073029134059125105,clinical
symptom_arrhythmia,0.00730291340591246,clinical
anc_mean,0.007209566052816274,clinical
urine_output_per_hour,0.006807329491859804,fluid
fibrinogen_max,0.006778177454414279,clinical
symptom_swelling,0.006588643464848485,clinical
symptom_pharyngeal_red,0.00658864346484848,clinical
had_surgery_flag,0.006316862546874189,clinical
temperature_mean,0.006063571504188642,clinical
spo2_trend_was_measured,0.005877441179233181,clinical
sbp_abnormal_for_age,0.005832829001819249,clinical
symptom_vomiting,0.005634401384016958,clinical
pco2_first,0.004785555524998595,clinical
bilirubin_trend_was_measured,0.004684890717871195,clinical
symptom_rebound_tenderness,0.004656108193814174,clinical
symptom_erythra,0.0038755840243621716,clinical
symptom_twitching,0.0029227955008687585,clinical
anc_first,0.0026997285957503616,clinical
spo2_mean,0.0024268775491322445,clinical
potassium_first,0.002358097210688512,clinical
urine_output_total_ml,0.002293785776822211,fluid
symptom_listless,0.0015872142723143885,clinical
heart_rate_min,0.0010397471117066103,clinical
heart_rate_first,0.0009802006938293077,clinical
shock_index_was_measured,0.0009409759775896618,clinical
symptom_three_depressions_sign,0.00066207977942694,clinical
symptom_skin_jaundice,0.0006620797794268588,clinical
heart_rate_trend,0.0005676274296132678,trend
spo2_max,7.113097128698837e-05,clinical
