feature,federated_mean_abs_shap,CICU_mean_abs_shap,General_mean_abs_shap,NICU_mean_abs_shap,PICU_mean_abs_shap,SICU_mean_abs_shap
lactate_max,1.4227477007753815,1.593285128781786,1.2797060436704193,1.46535430410943,1.5032264884051185,1.660888143163839
platelets_min,0.9311784227289137,1.0986655936675054,1.0969824386714169,0.6825336489852103,1.00618062661076,0.6460786298347764
ddimer_first,0.8296972049781728,0.22985993866509608,0.7742188684116309,0.3816525664119979,0.9121643866824153,1.4820749465493959
ddimer_mean,0.6602898068844887,0.3299491890344542,0.635600343916347,0.38763478897998194,0.6810727416917927,1.0371691772784841
inr_max,0.5759032125850486,1.144502971328197,0.5601613616981943,0.43812763371954067,0.6679616772976716,0.5284176954573669
pt_max,0.4824026693333384,1.2091399481031329,0.42357425628718015,0.39140636843597254,0.495737271771616,0.49121174904657533
calcium_mean,0.31363595446679254,0.2518448149649662,0.3983417579193497,0.2521584871703938,0.33249846519249876,0.1635266988107497
calcium_max,0.3027291305554472,0.43712305307523724,0.34616471300096163,0.2800637369083538,0.16826931616581353,0.23185374673953904
had_surgery_flag,0.28255527608898734,0.5022579729652821,0.30012805493561767,0.20384574033975406,0.2070515271478799,0.2737694046070756
sodium_min,0.2510493536057895,0.2765170962696534,0.2791777404884881,0.18520942082033767,0.2268048571728878,0.23912664404297732
calcium_first,0.2379996260287187,0.32123997009195504,0.22911261152406842,0.1738665784172822,0.21799315219481707,0.29866317407512055
fluid_input_total_ml,0.20948854666001304,0.13026721966408086,0.14053559141695687,0.1501459637344142,0.4013348143037947,0.37273802869599937
crp_min,0.20114171361135014,0.35191072956039604,0.22268518196207546,0.1434578224543182,0.15897930547192152,0.17041096292749536
platelets_mean,0.19939241561115048,0.21112015816390334,0.2068088452527834,0.14682265336978714,0.2177468543855476,0.21387470310693527
spo2_lab_first,0.1870050577997518,0.11075480912513783,0.23933707906142543,0.1423143059378639,0.10109519755048738,0.15232698190701496
heart_rate_mean,0.18220176894865198,0.33446867174524103,0.1515753184086042,0.0984063133407894,0.2923152088064879,0.238511109755203
pt_mean,0.18102302429031542,0.2698038198943973,0.17933744488208891,0.17443080830305832,0.1688706238608103,0.1704202488308811
ldh_first,0.17617699600763098,0.09852430143509042,0.2394156706383057,0.07432594348528888,0.11034171119089758,0.15416624717198635
uric_acid_first,0.16867741447103551,0.19919433846682208,0.22932959131961522,0.07192653546816999,0.17807593359962226,0.0857630934986821
systolic_bp_min,0.15999877316369618,0.1612882857492155,0.09344131611077308,0.20665039336782787,0.3289732502845597,0.21478079557529028
glucose_max,0.15491524593513345,0.2617507651512872,0.18445780372498258,0.10405176846830597,0.10402082519414729,0.11481939976574636
ph_min,0.140378025858611,0.08920793907410415,0.17349101559717425,0.11964343535465027,0.1534859002768632,0.08425313101850343
platelets_first,0.12647979409867932,0.09887921304598384,0.1516955631998832,0.1286395062641059,0.1435356206255913,0.062382841312462294
pao2_max,0.1260412758309743,0.14516885559815632,0.14903325587727928,0.1226341061215008,0.10346325045922765,0.07559456790177001
diastolic_bp_mean,0.1237429238518337,0.08705999874750037,0.06994351057260667,0.27092253715730663,0.16483737312659688,0.1274748047504532
resp_rate_min,0.11812484309252215,0.08900556758585595,0.08529153954047766,0.3006466779638629,0.09272222010783676,0.06590269664835278
diastolic_bp_first,0.11777197818185217,0.071328031997769,0.08016581776456,0.09086142592657256,0.21069976391829384,0.20812918191468885
lactate_trend,0.10649367785547285,0.13762401408470865,0.11039332709026048,0.10733691330073084,0.13332597288697906,0.07569225954430779
hematocrit_min,0.10614582177661468,0.07514288128655522,0.11120568197274447,0.17742288137094295,0.07825730463892688,0.05438364689902082
bilirubin_max,0.10080038116383465,0.02073900729644123,0.09876782095405948,0.08532595938202485,0.07579846595119713,0.15252036154261134
ph_trend,0.09756236148909984,0.0854987349867399,0.11826840575730327,0.06527663795267456,0.07560683976253907,0.08579133668552666
ddimer_min,0.09644944540406764,0.13621196160296098,0.09497311654211085,0.04908007814611801,0.14993558667276316,0.10577287973347273
pao2_min,0.09471320494186304,0.11095974524745031,0.10558167574344371,0.0631102157761056,0.11609118265808617,0.08037266683496966
hematocrit_first,0.09314048099406283,0.05475892289909343,0.11118987087829894,0.10034090959750426,0.0707091972943434,0.06258886543814988
inr_min,0.08799945060880418,0.025589983547545343,0.08643041615458055,0.08788489959670508,0.06747693062794331,0.1186767921079502
lactate_mean,0.08765199961338406,0.03756205204489331,0.0986338459687361,0.10273440033071127,0.08475000291863807,0.06318712387147467
pco2_max,0.08429531192512713,0.0646469008798415,0.092391372837849,0.0857223233209337,0.13042456588979698,0.0489158630161388
pao2_first,0.0823444066201215,0.0837182803867022,0.0944669602748073,0.06214260640767387,0.08223226581976707,0.06870307216007444
hr_abnormal_for_age,0.07840260893251738,0.05080554736347017,0.06563081274812642,0.06922816274176571,0.16821999572564422,0.08774957969496514
diastolic_bp_max,0.07595643860662889,0.04959125872571456,0.04079297525050038,0.1578494405836935,0.11306454888123901,0.08674505585320032
fibrinogen_first,0.06991898794153262,0.054171964393995096,0.08650352834919073,0.011755042556248802,0.05839689043486063,0.08680828757624469
temperature_min,0.06630834309956475,0.08361809051194857,0.04101120850177527,0.04840531931407708,0.1820463712724912,0.09033845241554952
fibrinogen_min,0.065832320031254,0.18810872414464191,0.04993461941927321,0.014794580870543628,0.06397255273764721,0.11406233977867399
ast_min,0.06521122451135053,0.02117776126039844,0.07092331265667093,0.0499298893056508,0.10334788052619408,0.06023184492807548
sodium_first,0.06241565641486713,0.03394897140000616,0.08008466007191739,0.04421577773289028,0.05799562890521522,0.04365097348440452
ph_max,0.05899286114552986,0.12660010645978031,0.06085828821327926,0.0631668960286325,0.04371383696072248,0.03789120621253825
glucose_min,0.05853658276419401,0.06371292097114922,0.07087913088731197,0.05270890245749229,0.05572018385916736,0.032323860153555255
inr_trend,0.05758775263521969,0.07933857344376515,0.06389905335873847,0.04819644975788472,0.051681131946382325,0.0459795556622214
heart_rate_max,0.057496437299324084,0.10358699063833873,0.03986179019208221,0.07755064059359217,0.07349707409710417,0.06462807128241282
base_excess_min,0.05694320653354778,0.028377349740051065,0.06272216905721634,0.04139632937337082,0.10597669680994762,0.04294141634735118
anion_gap_min,0.05681012946983985,0.058052219969164744,0.07538659854833699,0.03188161154920185,0.039745663336943286,0.03827043582072381
ph_mean,0.05617439081041253,0.03942092655366837,0.06952504366270992,0.03546885084687904,0.09615845185271202,0.028053152202398467
fluid_balance_ml,0.05562648569106103,0.06625096199219338,0.029595066581364994,0.027687093349122872,0.06240189815979267,0.1381708011381325
glucose_mean,0.05509228459333944,0.05194906037746412,0.06348619321291718,0.05214657772387011,0.05797475462091528,0.036285939443972653
temperature_trend,0.0537222676720291,0.05885456441455811,0.02895721828157564,0.08244904984994247,0.10271574086988315,0.06911636142150747
glucose_first,0.0533703223347931,0.05689278546310297,0.05962694254792743,0.053358963436231546,0.050309711170244825,0.03804582272847682
hematocrit_mean,0.053290036248359526,0.05015296414091144,0.05662710709297325,0.07782139796478424,0.03925602240300627,0.031211402362743175
heart_rate_trend,0.05168987457976899,0.09948555271187567,0.025994084312820145,0.07423868198176473,0.08997736295333242,0.06688862314887166
n_antibiotics_24h,0.049665383590451154,0.04314691527780375,0.05578255380533744,0.03852352302330129,0.04862405251243174,0.04606978741597356
ddimer_max,0.04939147994835258,0.025701385553214228,0.06061833323058262,0.01961355524008029,0.0678950328869117,0.04532327568308248
sbp_abnormal_for_age,0.04816730901694108,0.02171956675634442,0.017345327094161995,0.08912134171089538,0.06821244333964237,0.08979507926850279
crp_max,0.046643037044681084,0.03146829354212598,0.047841694638327985,0.05025637352487306,0.06518121584510435,0.03709372700888205
spo2_trend,0.04606115751176334,0.04470390431392106,0.03619117808450285,0.025704804895307347,0.04553596241857404,0.08842578771210159
lactate_first,0.045791318872700486,0.029124562550935623,0.054725387156446675,0.04602995983363541,0.04472116248977731,0.028527783847504238
ptt_max,0.04529625132031316,0.06181272346768448,0.048144373987978314,0.04845643040712954,0.04338634214203215,0.03159366012860379
potassium_first,0.04526750275018144,0.03182085574678916,0.05326745301937206,0.05235175524488388,0.035218833974451025,0.02747563754198158
pt_first,0.04447008033828576,0.043788410889481155,0.04985623500842289,0.042427878255251364,0.03864839818615036,0.035407937191875856
bicarbonate_min,0.04404529943209001,0.016966260211682797,0.05865005875092185,0.02777020962740629,0.043430113161613625,0.029298144189102645
crp_first,0.04331450332513132,0.037785809030344036,0.04953318752668442,0.029705906880221122,0.0670159914371247,0.030734383919460758
ph_first,0.042750898649687744,0.04606409159683158,0.04515063287534984,0.039985721680484865,0.046408745828160486,0.0365749520515395
base_excess_trend,0.04212550037256642,0.02175808618920772,0.05512975946595341,0.02764027350017463,0.038940262920297744,0.029034313959765443
urea_first,0.04177950759432329,0.014351931283687771,0.054577787166744336,0.01858150748549622,0.03324712333769179,0.040826771339056815
calcium_min,0.04177617763455006,0.022615303484134982,0.053035679750221706,0.03435432828702219,0.055816259388057184,0.019436037699952783
temperature_first,0.04063344647730038,0.04952830696905954,0.034026812034931485,0.03396172724556867,0.10325793875267926,0.033555236334572885
pco2_min,0.039113345672524544,0.03172628423001346,0.04712122359897035,0.03617605693987502,0.03631254361743334,0.024899874526651797
map_max,0.038768917415831335,0.013468783635120852,0.016215886419369184,0.04205097337642872,0.07805317904989438,0.08289619836100005
systolic_bp_first,0.03866566930851823,0.026304989961686377,0.021006870424865952,0.0762694042108834,0.04135831778746727,0.05356864078452801
glucose_trend,0.0386022108924402,0.038328563540819316,0.04421756431616869,0.03367957983975835,0.0329952617193972,0.03117966784371028
base_excess_max,0.038460362691336875,0.04875415249242333,0.046295422744393425,0.03378146598771867,0.03597381354555519,0.020926399862084544
potassium_mean,0.03738363575858222,0.031142154977262915,0.04339339146809515,0.03843440734286311,0.039996565061419916,0.022177328495952747
potassium_max,0.036848865289497074,0.028526237223095312,0.04126779347019445,0.037999940087293974,0.04506112524236678,0.023748197480466544
hemoglobin_trend,0.03674638322043827,0.02142093931794555,0.05004859918682647,0.025206554345362727,0.01939680244241228,0.0250088990091282
temperature_max,0.03532662862804409,0.035729167925438246,0.027787831790020482,0.04320329703113632,0.061087565330052315,0.036464178069786975
ck_min,0.03369517725900997,0.022842866557881095,0.03957664686276016,0.026617244447102964,0.02608514127467788,0.03131146796788553
systolic_bp_max,0.033047692501806496,0.020206750066156322,0.017205873596428525,0.06312268013190522,0.0465689398272831,0.045274470323689524
spo2_lab_min,0.03292867666726538,0.032323081332830586,0.04426726907749572,0.016520037764052902,0.02801486689944088,0.020667808566984996
platelets_max,0.032536577470804934,0.026266993425353092,0.03318876979054283,0.026004065192351752,0.04567764857371939,0.03261255957631586
shock_index,0.03225249352907887,0.03070562416483578,0.01769177278670717,0.0762926362308683,0.03936994259812496,0.029021543644843006
fibrinogen_max,0.03224058720758241,0.08768385117327142,0.029441104004899347,0.019184341003676476,0.044338264323997144,0.029123217749589123
wbc_trend,0.03182089875409509,0.04650787870455257,0.03082541948323164,0.02771112889990311,0.05626163576381047,0.02314775620026227
diastolic_bp_min,0.03178935948945459,0.021527643528279593,0.014796042744737259,0.05544300729581228,0.058256148841574526,0.046042282618341715
pao2_mean,0.031211934602109435,0.036770315278624226,0.03136189587903306,0.026385235307286377,0.037054239658787104,0.030811976620469896
bicarbonate_max,0.031210818355836882,0.04039534058660299,0.03623983371611748,0.02957171974904387,0.028593776832281613,0.018503474924770568
anion_gap_mean,0.030859100892472867,0.0259694883277131,0.04122269779537223,0.01983901946718224,0.020059371595923508,0.020238424453372435
hemoglobin_max,0.03002106041093335,0.036214029193512284,0.03057794922181499,0.04493483309884794,0.02318072954598609,0.01722632341595814
bilirubin_trend,0.02993603340388777,0.014618612443065828,0.017624862598807415,0.07435079117561506,0.021273513305152994,0.0314399995808283
uric_acid_mean,0.02965848699054685,0.02396969764837596,0.04014393779301247,0.01698916370822069,0.031047050547124207,0.015167284946028823
fibrinogen_mean,0.029580800816909794,0.043548213407054386,0.027702412410798266,0.0095850609938582,0.05940688625402168,0.034378818282906995
heart_rate_first,0.02890076557630617,0.07833527128362432,0.016983499863133435,0.02393350559120809,0.045086312028406406,0.041742333729508196
heart_rate_min,0.02794078695840969,0.05888247701982352,0.01768667929477922,0.021492893323193558,0.05880570523667236,0.036948014394565735
anc_max,0.027229361861084517,0.024313597137227607,0.023046812075887036,0.021684364971796526,0.07853892304018016,0.021356601503320687
ck_max,0.026804270461114995,0.01960874998455199,0.03293775018753978,0.023869154347317675,0.02254372152869326,0.017834914407985594
ck_mean,0.026507717163408523,0.02225666140826112,0.03015808989425054,0.024495293220917116,0.030534258596845075,0.018593770849885075
temperature_mean,0.026341859786507524,0.02938723499773125,0.013820478732107438,0.03765168873258637,0.04993978512344903,0.03719598670381403
spo2_lab_mean,0.025647697492236568,0.015440151896427213,0.032752044986088996,0.020354854761048334,0.023528455929314657,0.016190677719222155
ldh_min,0.025611264120741762,0.012761672717072875,0.03165119351990752,0.017977055600992217,0.032262739821258005,0.017810120301134102
hemoglobin_min,0.02466679740360101,0.022675575290843304,0.031152412857426395,0.025035897851469147,0.013702844712669589,0.013395663044554045
uric_acid_min,0.024459945138344215,0.029035131231460086,0.02946596887958735,0.015506749633397555,0.0323655810879782,0.014807315103626982
resp_rate_first,0.024077607233211118,0.02990183561014121,0.009365409703327662,0.04201586822262127,0.03433433353487928,0.03970551071586436
urea_min,0.023760944807228505,0.012539379666144388,0.030678468826782577,0.01896997208512793,0.02452527776544311,0.013414197158044061
pco2_mean,0.02367052563465708,0.021856564666319658,0.027823041197195697,0.017559861770686535,0.03308330541744045,0.01495611606121104
map_mean,0.023476008762914724,0.016819422946595323,0.012838335424736365,0.04955938628288321,0.03184372681052167,0.02647571300156564
albumin_first,0.023311454369077323,0.045243786440916436,0.02047065723006773,0.018434920548634263,0.025798480429252136,0.027141525407291825
symptom_hemorrhage,0.02328460054197304,0.02326003433948859,0.02009416688823164,0.0193394870654204,0.0213026922343746,0.035415956384558626
lactate_min,0.023280989504455937,0.015372664737124939,0.025532277452322064,0.02746190614925433,0.021141712788648948,0.017328769098711224
ck_first,0.02327250406032822,0.019318796708341582,0.026562972889843883,0.02123306280884907,0.02530240136341306,0.017043350356291554
uric_acid_max,0.022546099245478575,0.021223408231870942,0.03007034378170129,0.01384618972298863,0.023247646087921205,0.011150630228857551
wbc_first,0.02178355678408316,0.017015543567503476,0.022889220905794355,0.020397446918249178,0.02402474511322633,0.020605088173974138
age_years,0.02167993459920887,0.028822454053228218,0.02025648583479379,0.016307593733833083,0.01901981905102846,0.028826784337712106
spo2_max,0.021538396255286717,0.02731870563985885,0.011709932112528694,0.0335239696575056,0.025049182465170065,0.03285440469076096
gender,0.021293126183602608,0.024579374325701224,0.024280304631695684,0.017379297278954767,0.01880286573229519,0.017237173037811363
anion_gap_max,0.021018611537864135,0.03431872966904345,0.023304490025215844,0.013123968726863746,0.020716180891584928,0.01825057032533284
albumin_mean,0.02099287716456941,0.04040968103358209,0.018190847601080258,0.01806945835890968,0.02081933035831318,0.02493907280070201
ast_mean,0.02074949601068605,0.011652213807073075,0.02793960150381907,0.0114471674282062,0.020093896098583003,0.013506202158216622
alc_first,0.02036240442389149,0.016689477628136322,0.0225329184704545,0.014323429706073032,0.019573657468660847,0.021408312296155203
resp_rate_max,0.019838501859561878,0.03946775955253223,0.007455220677963336,0.043452030507540026,0.02489961241865853,0.023123051840611097
resp_rate_mean,0.019613850557233414,0.031426097187527126,0.008336555130688037,0.04749764837388034,0.02219634252516944,0.0198489471517788
ldh_mean,0.019336817378115392,0.008885076749618985,0.024593688101783327,0.013217642122051707,0.023008456127364022,0.012795538145396313
sodium_mean,0.019306788538455875,0.035312989160050254,0.017293089606108238,0.018579123139317248,0.032429816630383815,0.014766642080000829
ldh_max,0.019031404519568064,0.008673824669522556,0.024273256910211424,0.01267628142569313,0.022816429711503636,0.012650627302703348
crp_mean,0.0188141147919004,0.016913080765987704,0.017668626721647405,0.019217949104432457,0.024298672561668122,0.019549702466713594
ast_first,0.018432799246161927,0.011450649239015889,0.02533649474360349,0.009752983598385745,0.016792981640303007,0.011192060865905157
n_cultures_24h,0.01836056806218654,0.029055585211054592,0.01606231065632547,0.014948603587606996,0.025637093919979714,0.02079884067971797
n_positive_cultures,0.018086973210421735,0.03199766550533333,0.016084073488981287,0.013783438585992486,0.02600931450801841,0.01933810542908711
systolic_bp_mean,0.018054247712172313,0.012403565571890278,0.009941459627036818,0.034684843856227075,0.020619842932365736,0.02487030233124789
albumin_max,0.017835922750647912,0.03466707460983253,0.015665780495249523,0.014839306946401993,0.019088308329158834,0.020402747539361495
pco2_first,0.01768218487319041,0.025922633951105705,0.017570876935708222,0.01748515466265119,0.01951719028693549,0.014977025448199828
platelets_trend,0.01766752433113109,0.01232872374985337,0.02035662934937083,0.012107160439528756,0.02002293347297717,0.016158398496874497
ast_max,0.016814551783111035,0.009797616211941487,0.02234549985773635,0.009703808661362187,0.01875764817154006,0.010169773348805719
alc_max,0.01675302678198934,0.019465475888883536,0.016559350013342758,0.011246962277734838,0.017439298977719387,0.020792096931260287
ptt_min,0.015714937927345102,0.011684638894509655,0.01759098129168249,0.019478997619697118,0.014152747775927605,0.00969000815431908
inr_mean,0.015182333035257659,0.016000809999717584,0.015543167893199905,0.01379770245782182,0.016091522400114668,0.014823065666431257
base_excess_first,0.015095406600662957,0.018225614610796904,0.015008090432008415,0.012709545955739605,0.01734172541822666,0.015463598211240229
anc_first,0.014236187554924812,0.014634687311494598,0.01666877124547546,0.009158725950428237,0.014258006400335652,0.012304885677870208
wbc_max,0.013658912436117757,0.014090217261720236,0.015261321007443193,0.01033645061882716,0.016337009000691242,0.011187057823763086
ptt_mean,0.013631921331542125,0.017713733017347542,0.013386550338614751,0.01530322280144205,0.012775085373443974,0.012031255402686252
hematocrit_max,0.01358001078735678,0.011354363449426173,0.016108096553365564,0.012281081439615016,0.009991491249292444,0.010524245997720068
sodium_max,0.013462923474947338,0.027134756300516337,0.01176602020357414,0.0132159802475206,0.02040207440665912,0.011027805742208787
hemoglobin_first,0.013410168725133915,0.01620212913543058,0.016142134905778493,0.01120758799931213,0.008930516059095802,0.009541347392535125
bicarbonate_mean,0.013194790539600227,0.015629662692780218,0.015387926083387465,0.01109902152252709,0.0163841836707964,0.007423820208077776
albumin_min,0.013109331897489111,0.0241481388980239,0.011671950506496628,0.011800953274764473,0.013223099747196036,0.014576738604543168
anc_min,0.01302185691674181,0.014774993332831957,0.012450499101787757,0.014441024301628252,0.01486360396425273,0.011969073268904527
potassium_min,0.012965096374007005,0.010913877410654813,0.014616246721013809,0.011284838886784793,0.01279821479840291,0.010914638538361159
wbc_min,0.01279720596525689,0.008629678231180181,0.013490996136093048,0.012997173116286526,0.014631642461620247,0.011314713641269153
map_first,0.012721686381635016,0.008114532681512188,0.007293329438029765,0.022628950046808607,0.014815316303031668,0.01838516640752781
bicarbonate_first,0.01271097377810775,0.014645463503154429,0.01303854055948718,0.011021579415738274,0.015173913422609034,0.011709529303789165
creatinine_min,0.012604881776949354,0.009065549410637742,0.015642798805417395,0.01447716958601077,0.010975459189307197,0.0051559067304189615
anc_mean,0.012576165951859172,0.018289608947520745,0.010702397566656493,0.011632689432330897,0.016922025035444425,0.014557970519585777
sodium_trend,0.012351091651328177,0.010374500382632722,0.013681519486170062,0.010263564169760458,0.011000320334926728,0.011925597203101566
inr_first,0.012218433861218717,0.016200245249486496,0.012595683414652418,0.009648493030680457,0.012622834867330492,0.012119606803531448
bilirubin_min,0.011652488141055531,0.00856850154289926,0.010716692532933735,0.01883862557218338,0.007386170090566684,0.010650764113399177
resp_rate_trend,0.011511334249539519,0.022943802526202775,0.007107779843631139,0.013743324306154648,0.01923516787079279,0.014061687053511495
alc_mean,0.010902571659936723,0.013149704663386844,0.011039539687966215,0.007589494462715232,0.010452006050188485,0.012890279882182061
pt_min,0.010718158254302283,0.013244543278432785,0.010687741739768023,0.00914103644995732,0.0114511104685474,0.011081633452311442
map_min,0.010432023392426428,0.007992854066972251,0.004938121785003232,0.018224394786724645,0.00981567437041141,0.018565367261571084
alc_min,0.010398513947614794,0.011180808525372132,0.01158908434329918,0.007650362444086619,0.009220208621280606,0.010011082477148372
ptt_first,0.009997716905399964,0.01888625827570551,0.010607251522696547,0.008219690017844996,0.0089757875851515,0.007849498345143553
hemoglobin_mean,0.009797824931432435,0.012828233910489793,0.011465433675324658,0.011725966592523802,0.005608082727582339,0.004923793032245161
urea_max,0.009791994257113135,0.005173187766260253,0.012261015032645333,0.008266388702603657,0.008516684277625277,0.00677858928420184
base_excess_mean,0.009779346093413917,0.011253782560456522,0.011153808238739401,0.008697692860946665,0.010958067113290422,0.00633131702870075
alt_max,0.009114337776277097,0.005209250005251013,0.012416779713454373,0.004099787426720351,0.009404761277300184,0.006080891203551465
urea_mean,0.008538112954467813,0.004562710357182854,0.011233863422700444,0.005050375175610874,0.009867846298333741,0.005314916429328772
bilirubin_first,0.0070483357374284145,0.00559456422380723,0.006377013321415191,0.01052699621848555,0.004728813244037949,0.007205440865095295
creatinine_max,0.006965601064513386,0.0031590680145010355,0.010093005168412744,0.005138794832325741,0.005590229276448119,0.0023703871719636485
anion_gap_first,0.006482122344124741,0.006569223519268563,0.007344082905945975,0.0046269113161353775,0.004324009146386762,0.006781257517463335
wbc_mean,0.006384048692741363,0.006485877780576731,0.0064010978666540356,0.006015522954904524,0.00713056012080934,0.006304508765072268
bilirubin_mean,0.006263470096580826,0.005302509299683265,0.005268591509708723,0.009800982283505092,0.004071924634064437,0.006982987102072091
spo2_lab_max,0.005559721213854646,0.004113366760043773,0.00734633381266322,0.004188106600725646,0.0031982439362030703,0.0036708331749451314
potassium_trend,0.005475625182506236,0.005089291382619513,0.0054564316010104145,0.006771995629396988,0.0035135510728458693,0.005379403755064347
spo2_first,0.004983334643765077,0.00541257627880536,0.0030303666712645843,0.008422980092214014,0.0076794736368851445,0.0056998691723493845
rr_abnormal_for_age,0.004699990577468462,0.009463783720315404,0.0030974238963732397,0.00420919295569835,0.014612698348530977,0.0035304172221971367
symptom_edema,0.004671761450414115,0.004436524721772003,0.0035080102041214365,0.007049621016983109,0.004657031108760748,0.005653369401079236
spo2_min,0.0045934182960565015,0.006118464682255058,0.0030861499177526953,0.0061948282818090296,0.006639932687766597,0.005702968979109207
urine_output_total_ml,0.004326103737779663,0.0029808797255702272,0.0019390859972295653,0.0026474081179187784,0.007159014878394903,0.010879381650347963
urine_output_per_hour,0.003905010607364718,0.0019113548651080309,0.001222382546814141,0.0020699468285767003,0.012671060802402283,0.008991731745010405
creatinine_first,0.0035905670112820424,0.003034505309307916,0.00383057306262928,0.004617444963724176,0.003609013673682723,0.0022803485637359296
care_unit_General ICU,0.0035203731536778723,0.003363257420784748,0.0045414167504662945,0.0022314973546093313,0.002810932958239286,0.0024006657664334993
alt_min,0.0035081312634700663,0.002308730733846316,0.004065042431347332,0.002105123385514517,0.0049718279056703415,0.0030189431139331165
spo2_mean,0.0032168687302730004,0.005273676272019986,0.001969965437350623,0.004779185998152372,0.003464866500039193,0.0043209338773726284
symptom_fever,0.002962659207463171,0.005507482584700484,0.0018801525497814328,0.003858166363446193,0.006882493899094139,0.0025152100267275086
alt_first,0.002829673622799034,0.0028033020900187443,0.0035032065801374594,0.0017837923529914444,0.002628111176565303,0.0021200061312357035
care_unit_NICU,0.002779758935050211,0.0022409707627695638,0.0022302122357707914,0.005529786342431199,0.001845807800514439,0.0023930093756803312
creatinine_mean,0.002759021482119401,0.0021359528387965864,0.0029970022320454253,0.0034037449288603114,0.002617526751144801,0.0018622505701447428
creatinine_trend,0.002488533710009684,0.005309307271430375,0.0024397168059861,0.00147491969187472,0.0036179221627945933,0.002171268870250319
symptom_abdominal_distension,0.0020142967142799243,0.0021200793908669763,0.0016636376252165432,0.003164259003667418,0.001504295189962284,0.002109981376629779
care_unit_CICU,0.0019307019795931964,0.01091382738101734,0.001374253743789755,0.0015383073028639221,0.0014040890751179738,0.0012918065559230883
alt_mean,0.0017611350029843268,0.0013769045279547398,0.0020299467291560514,0.001265699280556026,0.0023811994917510857,0.0013530520129612286
symptom_arrhythmia,0.0014686704128327706,0.0028381525957197487,0.0009635621251836714,0.0026796507001578596,0.001385716038390036,0.001353963056157597
care_unit_SICU,0.0014665214596447293,0.0017637867288166262,0.0009900293568859356,0.0009513361503079714,0.000984130288856617,0.0032088922309004998
had_cardiac_surgery_flag,0.0014363959682221947,0.001503941098467749,0.0013701469856994446,0.0011884225082843232,0.002016567366683516,0.0015441231082265515
symptom_listless,0.0011027723766788705,0.0004862560146343639,0.0008360600554951306,0.0007929910880003868,0.0030493120049688094,0.0013787014218747818
symptom_vomiting,0.0010278900681304716,0.0017263155333660054,0.00074446129207538,0.0013095147242931566,0.0010413996329598377,0.0012924701365892683
symptom_cough,0.0010002618480573413,0.003707795400722603,0.0006988151505494802,0.0007365206448264795,0.001349920758621465,0.0010477322784137708
symptom_diarrhea,0.0009910994553501652,0.0013172702830374873,0.0009760365480050154,0.0010550883564943282,0.00094188424580688,0.000902114645275984
care_unit_PICU,0.0008001850018781037,0.0005363336888394201,0.0003957102242944167,0.0002912246564849947,0.005052898162023631,0.000505647952245897
symptom_phlegm_sound,0.0007893737240340236,0.0034711565419719933,0.0006525085277933784,0.0007200100618917038,0.0007257341874965974,0.0004456590688611051
symptom_anhelation,0.0006212161055525195,0.0007039306477331593,0.00018856210331093424,0.0024930176472188715,0.00011447567450327019,0.00032031096683428985
symptom_three_depressions_sign,0.000555338540812571,0.0004782374595437205,0.00022918770270004225,0.0021698178015538655,0.0001329685906983706,0.00021479220305554064
symptom_pharyngeal_red,0.00046291749481556854,0.0014407354366776418,0.0003855617823810149,0.00034590061309025565,0.000538971792319129,0.00044102279315007243
symptom_cool_extremities,0.00039581082956823525,0.0007761802699662896,0.00036562585042876344,0.00036170343445536454,0.000339106781946052,0.00041462397322532734
symptom_skin_jaundice,0.00034238895985288045,0.00012738656566125428,0.0002141123344864699,0.0006189921941969487,0.00016444969687234753,0.0005677093280224901
symptom_erythra,0.000317582130823024,0.0003362470330521319,0.0002787154717457268,0.000377100871731424,0.0005604094735796164,0.0002560149265418197
symptom_swelling,0.0002354679877467865,0.0,0.0,0.0,0.0027968732816871823,0.0
symptom_rale,0.00019747811448932417,0.0002500956640431013,0.0,0.0001300007489962809,0.0,0.0008161188397372241
symptom_moist_rale,0.0001878177898016242,3.09061216516966e-05,0.0001104030829968561,0.00026365405271042163,0.0006271554302156801,0.0001757121896690031
symptom_cyanosis,0.00013105016160144424,0.00017733862302770826,6.44502255547101e-05,0.00043827352922073715,8.147637489869692e-05,4.695666928416928e-05
symptom_warm_extremities,0.00013078604412665213,0.0022978381363918743,0.0,0.0,0.0,0.0
symptom_rebound_tenderness,0.00011383973553280508,0.0,0.0,0.0,0.0,0.0005748793031896145
symptom_chest_tightness,8.936334374772231e-05,2.499179587903199e-05,7.521300745786997e-05,7.472188799101784e-05,0.00023584896091582457,9.322400244725025e-05
symptom_dry_and_moist_rales,6.758562186390297e-05,0.00010967254758099897,5.37702323472958e-05,8.94838474094399e-05,7.006818009946215e-05,7.052892949497799e-05
symptom_twitching,1.8677714887184183e-05,0.0,0.0,0.00011224374979709258,0.0,0.0
symptom_tenderness,3.1758937011399407e-06,0.0,0.0,0.0,0.0,1.6037946235297506e-05
symptom_dysphoria,0.0,0.0,0.0,0.0,0.0,0.0
symptom_headache,0.0,0.0,0.0,0.0,0.0,0.0
symptom_abdominal_tenderness,0.0,0.0,0.0,0.0,0.0,0.0
