column,dtype,n_total,n_missing,missing_pct,n_unique,min,max,mean,median,std,pct_zero,top_values,flags
age_years,float64,2530,0,0.0,1380,0.0,17.451,2.9746,1.095,3.9128,3.6,"{0.0: 90, 0.003: 49, 0.005: 28, 0.011: 23, 0.008: 22}",
age_months,float64,2530,0,0.0,923,0.0,209.4,35.6947,13.1,46.9531,5.5,"{0.0: 139, 0.1: 73, 0.2: 39, 0.3: 27, 1.7: 27}",
gender,object,2530,0,0.0,2,,,,,,,"{'M': 1500, 'F': 1030}",
los_hours,float64,2530,0,0.0,2219,6.06,4992.2,199.2833,59.595,377.6255,0.0,"{19.27: 5, 16.57: 4, 20.18: 4, 20.75: 4, 22.07: 4}",
expire_flag,int64,2530,0,0.0,2,0.0,1.0,0.0858,0.0,0.2801,91.4,"{0: 2313, 1: 217}",possible_label_leakage
hosp_expire,int64,2530,0,0.0,2,0.0,1.0,0.085,0.0,0.2789,91.5,"{0: 2315, 1: 215}",possible_label_leakage
care_unit,object,2530,0,0.0,5,,,,,,,"{'General ICU': 1251, 'SICU': 501, 'NICU': 421, 'PICU': 213, 'CICU': 144}",
diagnosis,object,2530,2,0.08,488,,,,,,,"{'特指肾盂积水': 203, '肺炎': 194, '早产儿': 113, '白血病': 70, '败血症': 57, '颅内占位性病变': 53, '先天性心脏病': 51, '溺水': 49, '惊厥': 46, '喘憋性肺炎': 43}",possible_free_text
icd10,object,2530,3,0.12,487,,,,,,,"{'N13.300': 203, 'J69.101': 194, 'P07.302': 113, 'M98000/3': 70, 'T80.202': 57, 'R90.000': 53, 'Q24.900': 51, 'T75.101': 49, 'R56.803': 46, 'J18.901': 43}",possible_free_text
ethnicity,object,2530,0,0.0,7,,,,,,,"{'Han ethnic': 2488, 'Others': 14, 'Miao ethnic': 11, 'Buyei ethnic': 6, 'Yi ethnic': 5, 'Tujia ethnic': 4, 'Hui ethnic': 2}",
lactate_max,float64,2530,0,0.0,142,0.3,30.0,3.1957,2.2,3.3633,0.0,"{2.2: 144, 1.3: 112, 1.6: 100, 1.9: 95, 1.1: 94}",
lactate_min,float64,2530,0,0.0,99,0.0,23.0,1.5291,1.1,1.6415,0.0,"{0.7: 243, 0.8: 238, 0.9: 213, 1.1: 197, 0.6: 195}",
lactate_mean,float64,2530,0,0.0,557,0.3,23.6667,2.2722,1.65,2.284,0.0,"{1.65: 88, 1.2: 69, 1.0: 60, 1.1: 57, 1.5: 57}",
lactate_first,float64,2530,0,0.0,137,0.1,27.0,2.4488,1.7,2.6012,0.0,"{1.7: 150, 1.0: 126, 1.3: 122, 1.1: 120, 1.4: 106}",
lactate_count,int64,2530,0,0.0,17,0.0,16.0,3.2182,3.0,1.9865,2.8,"{3: 604, 2: 555, 1: 392, 4: 388, 5: 210}",
platelets_max,float64,2530,0,0.0,628,0.0,1332.0,302.0885,291.0,159.0898,0.0,"{291.0: 111, 308.0: 12, 237.0: 12, 294.0: 12, 346.0: 12}",
platelets_min,float64,2530,0,0.0,578,0.0,1024.0,254.715,254.0,150.9713,0.3,"{254.0: 111, 225.0: 14, 192.0: 14, 5.0: 14, 207.0: 14}",
platelets_mean,float64,2530,0,0.0,1074,0.0,1081.5,278.6881,270.5,150.1589,0.0,"{270.5: 109, 236.0: 9, 279.0: 9, 231.0: 9, 316.0: 9}",
platelets_first,float64,2530,0,0.0,605,0.0,1331.0,279.1123,273.0,159.1571,0.2,"{273.0: 114, 281.0: 12, 192.0: 12, 286.0: 12, 5.0: 11}",
platelets_count,int64,2530,0,0.0,7,0.0,6.0,1.7059,2.0,0.6886,4.1,"{2: 1527, 1: 731, 3: 149, 0: 104, 4: 14}",
inr_max,float64,2530,0,0.0,202,0.71,17.38,1.1962,1.06,0.6532,0.0,"{1.06: 693, 1.08: 77, 0.97: 72, 1.02: 72, 1.03: 71}",
inr_max_was_measured,int64,2530,0,0.0,2,0.0,1.0,0.7455,1.0,0.4357,25.5,"{1: 1886, 0: 644}",
inr_min,float64,2530,0,0.0,163,0.68,8.49,1.1162,1.04,0.3762,0.0,"{1.04: 704, 1.02: 84, 1.03: 82, 0.97: 78, 0.98: 78}",
inr_min_was_measured,int64,2530,0,0.0,2,0.0,1.0,0.7455,1.0,0.4357,25.5,"{1: 1886, 0: 644}",
inr_mean,float64,2530,0,0.0,304,0.71,9.645,1.1552,1.055,0.4654,0.0,"{1.055: 656, 1.02: 70, 0.98: 68, 0.97: 65, 1.0: 62}",
inr_mean_was_measured,int64,2530,0,0.0,2,0.0,1.0,0.7455,1.0,0.4357,25.5,"{1: 1886, 0: 644}",
inr_first,float64,2530,0,0.0,189,0.68,17.38,1.174,1.05,0.6175,0.0,"{1.05: 696, 1.03: 75, 1.02: 74, 1.08: 74, 0.97: 74}",
inr_first_was_measured,int64,2530,0,0.0,2,0.0,1.0,0.7455,1.0,0.4357,25.5,"{1: 1886, 0: 644}",
inr_count,int64,2530,0,0.0,6,0.0,5.0,1.0123,1.0,0.7881,25.5,"{1: 1313, 0: 644, 2: 490, 3: 69, 4: 9}",
ddimer_max,float64,2530,0,0.0,451,0.02,36.0,2.1295,1.55,2.8805,0.0,"{1.55: 1678, 1.82: 10, 0.21: 9, 0.29: 8, 0.82: 8}",
ddimer_max_was_measured,int64,2530,0,0.0,2,0.0,1.0,0.3383,0.0,0.4732,66.2,"{0: 1674, 1: 856}",
ddimer_min,float64,2530,0,0.0,439,0.02,36.0,1.9808,1.43,2.7483,0.0,"{1.43: 1676, 0.28: 10, 0.21: 10, 0.36: 8, 0.29: 8}",
ddimer_min_was_measured,int64,2530,0,0.0,2,0.0,1.0,0.3383,0.0,0.4732,66.2,"{0: 1674, 1: 856}",
ddimer_mean,float64,2530,0,0.0,475,0.02,36.0,2.0584,1.495,2.7875,0.0,"{1.495: 1674, 0.21: 9, 0.29: 8, 1.82: 8, 0.82: 8}",
ddimer_mean_was_measured,int64,2530,0,0.0,2,0.0,1.0,0.3383,0.0,0.4732,66.2,"{0: 1674, 1: 856}",
ddimer_first,float64,2530,0,0.0,442,0.02,36.0,2.042,1.475,2.8349,0.0,"{1.475: 1674, 0.21: 10, 0.28: 10, 1.82: 9, 0.29: 8}",
ddimer_first_was_measured,int64,2530,0,0.0,2,0.0,1.0,0.3383,0.0,0.4732,66.2,"{0: 1674, 1: 856}",
ddimer_count,int64,2530,0,0.0,4,0.0,3.0,0.3692,0.0,0.545,66.2,"{0: 1674, 1: 781, 2: 72, 3: 3}",
fibrinogen_max,float64,2530,0,0.0,310,0.18,7.25,2.1101,2.02,0.6926,0.0,"{2.02: 1663, 1.89: 15, 2.45: 13, 2.72: 13, 1.95: 12}",
fibrinogen_max_was_measured,int64,2530,0,0.0,2,0.0,1.0,0.3451,0.0,0.4755,65.5,"{0: 1657, 1: 873}",
fibrinogen_min,float64,2530,0,0.0,313,0.18,7.25,2.048,1.96,0.6845,0.0,"{1.96: 1659, 1.89: 14, 2.72: 14, 2.45: 13, 1.95: 12}",
fibrinogen_min_was_measured,int64,2530,0,0.0,2,0.0,1.0,0.3451,0.0,0.4755,65.5,"{0: 1657, 1: 873}",
fibrinogen_mean,float64,2530,0,0.0,349,0.18,7.25,2.0788,1.99,0.6811,0.0,"{1.99: 1663, 1.89: 15, 2.45: 13, 2.72: 13, 1.95: 11}",
fibrinogen_mean_was_measured,int64,2530,0,0.0,2,0.0,1.0,0.3451,0.0,0.4755,65.5,"{0: 1657, 1: 873}",
fibrinogen_first,float64,2530,0,0.0,314,0.18,7.25,2.058,1.97,0.6831,0.0,"{1.97: 1666, 1.89: 14, 2.72: 14, 2.45: 13, 1.95: 12}",
fibrinogen_first_was_measured,int64,2530,0,0.0,2,0.0,1.0,0.3451,0.0,0.4755,65.5,"{0: 1657, 1: 873}",
fibrinogen_count,int64,2530,0,0.0,4,0.0,3.0,0.3771,0.0,0.5497,65.5,"{0: 1657, 1: 796, 2: 73, 3: 4}",
creatinine_max,float64,2530,0,0.0,321,0.1018,22.1267,0.6221,0.4864,0.9942,0.0,"{0.486425: 653, 0.418552036199095: 67, 0.4638009049773755: 60, 0.4298642533936651: 54, 0.3846153846153846: 51}",
creatinine_max_was_measured,int64,2530,0,0.0,2,0.0,1.0,0.7419,1.0,0.4377,25.8,"{1: 1877, 0: 653}",
creatinine_min,float64,2530,0,0.0,326,0.0882,16.862,0.5672,0.4638,0.7949,0.0,"{0.463801: 653, 0.4638009049773755: 61, 0.418552036199095: 61, 0.4298642533936651: 57, 0.3959276018099547: 51}",
creatinine_min_was_measured,int64,2530,0,0.0,2,0.0,1.0,0.7419,1.0,0.4377,25.8,"{1: 1877, 0: 653}",
creatinine_mean,float64,2530,0,0.0,435,0.1018,18.7651,0.5943,0.4695,0.8792,0.0,"{0.4695: 661, 0.4186: 57, 0.4638: 56, 0.4299: 52, 0.3959: 49}",
creatinine_mean_was_measured,int64,2530,0,0.0,2,0.0,1.0,0.7419,1.0,0.4377,25.8,"{1: 1877, 0: 653}",
creatinine_first,float64,2530,0,0.0,336,0.0882,20.6561,0.58,0.4638,0.8742,0.0,"{0.463801: 653, 0.4638009049773755: 62, 0.418552036199095: 61, 0.4298642533936651: 58, 0.3506787330316742: 49}",
creatinine_first_was_measured,int64,2530,0,0.0,2,0.0,1.0,0.7419,1.0,0.4377,25.8,"{1: 1877, 0: 653}",
creatinine_count,int64,2530,0,0.0,7,0.0,6.0,1.0553,1.0,0.8613,25.8,"{1: 1255, 0: 653, 2: 486, 3: 112, 4: 15}",
bilirubin_max,float64,2530,0,0.0,580,0.0,49.4678,1.9488,0.655,3.343,0.2,"{0.654971: 791, 0.2923976608187134: 19, 0.4853801169590643: 17, 0.3508771929824561: 16, 0.3157894736842105: 16}",
bilirubin_max_was_measured,int64,2530,0,0.0,2,0.0,1.0,0.6874,1.0,0.4637,31.3,"{1: 1739, 0: 791}",
bilirubin_min,float64,2530,0,0.0,543,0.0,41.9298,1.66,0.6082,2.8892,0.8,"{0.608187: 791, 0.2923976608187134: 22, 0.0: 21, 0.3508771929824561: 18, 0.3157894736842105: 17}",
bilirubin_min_was_measured,int64,2530,0,0.0,2,0.0,1.0,0.6874,1.0,0.4637,31.3,"{1: 1739, 0: 791}",
bilirubin_mean,float64,2530,0,0.0,766,0.0,45.6988,1.8002,0.6316,3.088,0.2,"{0.6316: 798, 0.2924: 20, 0.2632: 16, 0.3158: 16, 0.3626: 16}",
bilirubin_mean_was_measured,int64,2530,0,0.0,2,0.0,1.0,0.6874,1.0,0.4637,31.3,"{1: 1739, 0: 791}",
bilirubin_first,float64,2530,0,0.0,511,0.0,49.4678,1.7671,0.6316,3.0966,0.5,"{0.631579: 791, 0.2923976608187134: 21, 0.3508771929824561: 19, 0.3157894736842105: 17, 0.4853801169590643: 16}",
bilirubin_first_was_measured,int64,2530,0,0.0,2,0.0,1.0,0.6874,1.0,0.4637,31.3,"{1: 1739, 0: 791}",
bilirubin_count,int64,2530,0,0.0,13,0.0,17.0,1.1715,1.0,1.3072,31.3,"{1: 1041, 0: 791, 2: 454, 3: 109, 4: 70}",
alt_max,float64,2530,0,0.0,270,1.0,9039.0,72.8451,20.0,338.1352,0.0,"{20.0: 695, 11.0: 84, 9.0: 74, 13.0: 74, 12.0: 71}",
alt_max_was_measured,int64,2530,0,0.0,2,0.0,1.0,0.7435,1.0,0.4368,25.7,"{1: 1881, 0: 649}",
alt_min,float64,2530,0,0.0,255,1.0,7922.0,59.3941,18.0,263.7535,0.0,"{18.0: 697, 11.0: 95, 10.0: 89, 9.0: 82, 12.0: 81}",
alt_min_was_measured,int64,2530,0,0.0,2,0.0,1.0,0.7435,1.0,0.4368,25.7,"{1: 1881, 0: 649}",
alt_mean,float64,2530,0,0.0,373,1.0,8707.2,66.0416,19.5,294.4753,0.0,"{19.5: 653, 11.0: 79, 13.0: 72, 9.0: 71, 12.0: 70}",
alt_mean_was_measured,int64,2530,0,0.0,2,0.0,1.0,0.7435,1.0,0.4368,25.7,"{1: 1881, 0: 649}",
alt_first,float64,2530,0,0.0,262,1.0,7922.0,67.0462,20.0,302.9036,0.0,"{20.0: 695, 11.0: 87, 9.0: 73, 13.0: 73, 12.0: 72}",
alt_first_was_measured,int64,2530,0,0.0,2,0.0,1.0,0.7435,1.0,0.4368,25.7,"{1: 1881, 0: 649}",
alt_count,int64,2530,0,0.0,8,0.0,7.0,1.0621,1.0,0.8661,25.7,"{1: 1248, 0: 649, 2: 497, 3: 111, 4: 16}",
ast_max,float64,2530,0,0.0,331,9.0,21391.0,130.4921,41.0,688.1413,0.0,"{41.0: 1025, 29.0: 49, 25.0: 44, 18.0: 37, 22.0: 37}",
ast_max_was_measured,int64,2530,0,0.0,2,0.0,1.0,0.5996,1.0,0.4901,40.0,"{1: 1517, 0: 1013}",
ast_min,float64,2530,0,0.0,331,9.0,15483.0,123.4051,40.0,595.082,0.0,"{40.0: 1028, 29.0: 51, 25.0: 45, 18.0: 39, 22.0: 35}",
ast_min_was_measured,int64,2530,0,0.0,2,0.0,1.0,0.5996,1.0,0.4901,40.0,"{1: 1517, 0: 1013}",
ast_mean,float64,2530,0,0.0,355,9.0,18437.0,126.957,40.5,635.5454,0.0,"{40.5: 1015, 29.0: 49, 25.0: 43, 18.0: 36, 22.0: 35}",
ast_mean_was_measured,int64,2530,0,0.0,2,0.0,1.0,0.5996,1.0,0.4901,40.0,"{1: 1517, 0: 1013}",
ast_first,float64,2530,0,0.0,332,9.0,15483.0,127.3198,41.0,622.1073,0.0,"{41.0: 1025, 29.0: 49, 25.0: 45, 18.0: 39, 22.0: 36}",
ast_first_was_measured,int64,2530,0,0.0,2,0.0,1.0,0.5996,1.0,0.4901,40.0,"{1: 1517, 0: 1013}",
ast_count,int64,2530,0,0.0,5,0.0,4.0,0.753,1.0,0.7356,40.0,"{1: 1170, 0: 1013, 2: 326, 4: 20, 3: 1}",
glucose_max,float64,2530,0,0.0,248,18.0,1044.0,174.9816,154.8,93.9555,0.0,"{154.8: 126, 142.20000000000002: 46, 120.6: 43, 136.79999999999998: 39, 118.8: 39}",
glucose_min,float64,2530,0,0.0,231,9.0,504.0,105.6609,102.6,39.8297,0.0,"{102.6: 198, 100.8: 71, 95.4: 70, 99.0: 68, 104.4: 68}",
glucose_mean,float64,2530,0,0.0,828,18.0,612.0,136.8582,127.8,51.8968,0.0,"{127.8: 143, 108.0: 32, 106.2: 29, 100.8: 27, 122.4: 25}",
glucose_first,float64,2530,0,0.0,218,14.4,810.0,134.4455,118.8,64.6874,0.0,"{118.8: 175, 100.8: 59, 104.4: 59, 115.2: 56, 113.4: 54}",
glucose_count,int64,2530,0,0.0,17,0.0,16.0,3.0198,3.0,1.9934,5.0,"{3: 574, 2: 553, 1: 450, 4: 368, 5: 183}",
anc_max,float64,2530,0,0.0,1383,0.01,74.3,9.2555,8.16,6.151,0.0,"{8.16: 186, 5.9: 6, 6.29: 6, 2.59: 6, 6.66: 6}",
anc_min,float64,2530,0,0.0,1181,0.01,51.84,6.5827,5.49,4.8343,0.0,"{5.49: 187, 5.21: 8, 3.73: 7, 5.09: 7, 5.27: 7}",
anc_mean,float64,2530,0,0.0,1659,0.01,57.625,7.9137,6.89,5.26,0.0,"{6.89: 188, 7.85: 6, 5.12: 5, 6.39: 5, 4.27: 5}",
anc_first,float64,2530,0,0.0,1293,0.01,51.84,7.5554,6.22,5.6928,0.0,"{6.22: 186, 2.21: 8, 6.29: 7, 5.09: 7, 5.21: 7}",
anc_count,int64,2530,0,0.0,7,0.0,6.0,1.6289,2.0,0.7351,7.3,"{2: 1452, 1: 742, 0: 185, 3: 135, 4: 12}",
alc_max,float64,2530,0,0.0,696,0.03,49.86,3.0197,2.48,2.4203,0.0,"{2.48: 196, 2.1: 14, 2.21: 13, 1.46: 13, 2.23: 13}",
alc_min,float64,2530,0,0.0,559,0.0,41.66,2.1768,1.81,1.8756,0.1,"{1.81: 201, 1.02: 16, 1.58: 16, 1.41: 16, 1.14: 15}",
alc_mean,float64,2530,0,0.0,1030,0.02,45.76,2.5968,2.19,2.0439,0.0,"{2.19: 191, 1.14: 11, 2.16: 10, 1.05: 10, 1.39: 10}",
alc_first,float64,2530,0,0.0,651,0.0,49.86,2.6425,2.16,2.2994,0.1,"{2.16: 196, 2.0: 15, 2.1: 15, 2.05: 13, 1.02: 13}",
alc_count,int64,2530,0,0.0,7,0.0,6.0,1.6296,2.0,0.7349,7.3,"{2: 1454, 1: 740, 0: 185, 3: 135, 4: 12}",
wbc_max,float64,2530,0,0.0,1537,0.02,220.0,13.655,11.97,11.0302,0.0,"{11.97: 108, 14.62: 6, 12.18: 6, 8.82: 6, 9.36: 5}",
wbc_min,float64,2530,0,0.0,1407,0.0,214.88,10.2559,8.87,9.4472,0.2,"{8.87: 111, 6.14: 7, 8.11: 7, 7.96: 7, 4.48: 6}",
wbc_mean,float64,2530,0,0.0,1834,0.02,217.44,11.9557,10.58,10.0038,0.0,"{10.58: 108, 9.09: 5, 9.36: 5, 5.33: 4, 6.86: 4}",
wbc_first,float64,2530,0,0.0,1480,0.0,214.88,11.4605,9.57,10.1852,0.2,"{9.57: 109, 8.11: 7, 7.96: 7, 6.14: 7, 10.18: 6}",
wbc_count,int64,2530,0,0.0,7,0.0,6.0,1.7032,2.0,0.69,4.2,"{2: 1527, 1: 730, 3: 147, 0: 107, 4: 14}",
ph_max,float64,2530,0,0.0,369,6.668,7.701,7.4283,7.43,0.0708,0.0,"{7.43: 88, 7.451: 31, 7.435: 25, 7.438: 25, 7.442: 24}",
ph_min,float64,2530,0,0.0,502,6.558,7.588,7.3204,7.337,0.1181,0.0,"{7.337: 68, 7.335: 20, 7.348: 19, 7.351: 18, 7.334: 18}",
ph_mean,float64,2530,0,0.0,1193,6.6057,7.6115,7.3775,7.384,0.0779,0.0,"{7.384: 77, 7.386: 13, 7.369: 12, 7.364: 11, 7.438: 11}",
ph_first,float64,2530,0,0.0,488,6.59,7.701,7.3519,7.361,0.1079,0.0,"{7.361: 68, 7.3889999999999985: 18, 7.354: 18, 7.36: 18, 7.399: 17}",
ph_count,int64,2530,0,0.0,21,0.0,24.0,4.1423,4.0,2.9064,2.7,"{2: 530, 4: 465, 3: 415, 6: 305, 1: 224}",
pco2_max,float64,2530,0,0.0,524,15.3,179.0,44.1041,40.7,15.1123,0.0,"{40.7: 81, 38.8: 23, 39.1: 20, 40.3: 18, 36.5: 17}",
pco2_min,float64,2530,0,0.0,410,7.9,77.4,33.0456,32.2,7.9811,0.0,"{32.2: 90, 32.6: 25, 34.5: 23, 31.4: 23, 32.7: 22}",
pco2_mean,float64,2530,0,0.0,1324,13.78,108.4667,38.0862,36.3667,9.2234,0.0,"{36.3667: 70, 34.3: 13, 38.8: 12, 33.5: 11, 35.0: 11}",
pco2_first,float64,2530,0,0.0,506,7.9,155.0,39.5109,37.7,12.1512,0.0,"{37.7: 77, 32.0: 19, 35.0: 18, 33.3: 18, 34.5: 18}",
pco2_count,int64,2530,0,0.0,21,0.0,24.0,4.1423,4.0,2.9046,2.7,"{2: 531, 4: 465, 3: 414, 6: 305, 1: 224}",
pao2_max,float64,2530,0,0.0,554,16.1,493.0,159.2847,164.5,59.7741,0.0,"{164.5: 68, 176.0: 33, 165.0: 31, 179.0: 27, 191.0: 27}",
pao2_min,float64,2530,0,0.0,791,9.1,290.0,90.1645,84.45,45.0344,0.0,"{84.45: 68, 140.0: 23, 112.0: 20, 104.0: 20, 105.0: 19}",
pao2_mean,float64,2530,0,0.0,1768,16.1,316.6667,124.5732,124.99,42.9684,0.0,"{124.99: 68, 135.0: 11, 137.0: 9, 123.0: 9, 187.0: 8}",
pao2_first,float64,2530,0,0.0,713,9.1,452.0,121.8356,124.0,57.3744,0.0,"{124.0: 78, 165.0: 27, 177.0: 24, 140.0: 23, 163.0: 22}",
pao2_count,int64,2530,0,0.0,21,0.0,24.0,4.1415,4.0,2.9082,2.7,"{2: 528, 4: 465, 3: 416, 6: 304, 1: 226}",
base_excess_max,float64,2530,0,0.0,235,-23.5,30.3,-0.6727,-0.9,3.8626,1.1,"{-0.9: 104, -0.7: 44, -1.0: 40, 0.7: 40, -1.6: 40}",
base_excess_min,float64,2530,0,0.0,289,-32.2,16.0,-5.2326,-4.9,5.1093,0.3,"{-4.9: 94, -6.2: 37, -3.8: 35, -5.2: 33, -3.4: 33}",
base_excess_mean,float64,2530,0,0.0,1282,-25.5625,20.7857,-2.8457,-3.0146,3.8618,0.2,"{-3.0146: 68, -3.25: 13, -2.45: 13, -3.15: 12, -4.35: 12}",
base_excess_first,float64,2530,0,0.0,282,-29.4,23.4,-3.7617,-3.5,4.8962,0.6,"{-3.5: 91, -3.3: 33, -3.2: 32, -3.6: 31, -4.0: 31}",
base_excess_count,int64,2530,0,0.0,27,0.0,32.0,6.4751,6.0,4.0446,2.7,"{6: 600, 4: 549, 2: 391, 8: 377, 10: 210}",
bicarbonate_max,float64,2530,0,0.0,221,6.6,58.2,24.2019,23.75,3.6479,0.0,"{23.75: 68, 23.1: 56, 22.5: 50, 22.4: 47, 23.8: 47}",
bicarbonate_min,float64,2530,0,0.0,250,2.3,39.9,19.3079,19.45,4.1482,0.0,"{19.45: 68, 19.7: 41, 20.1: 40, 18.5: 38, 20.0: 37}",
bicarbonate_mean,float64,2530,0,0.0,1189,6.0,46.3929,21.8427,21.55,3.3609,0.0,"{21.55: 75, 21.75: 15, 22.05: 15, 20.05: 13, 20.85: 13}",
bicarbonate_first,float64,2530,0,0.0,268,2.8,50.5,21.1317,21.1,4.2555,0.0,"{21.1: 106, 20.4: 44, 22.5: 43, 20.7: 39, 21.3: 37}",
bicarbonate_count,int64,2530,0,0.0,28,0.0,32.0,6.4743,6.0,4.0363,2.7,"{6: 597, 4: 547, 2: 391, 8: 377, 10: 210}",
anion_gap_max,float64,2530,0,0.0,324,-4.4,58.5,10.1701,9.0,6.7355,0.2,"{9.0: 103, 6.6: 26, 5.6: 26, 8.2: 24, 4.3: 22}",
anion_gap_min,float64,2530,0,0.0,270,-5.0,34.2,5.1937,3.9,5.8034,0.8,"{3.9: 106, 1.5: 27, 0.7: 27, 1.3: 26, 2.9: 25}",
anion_gap_mean,float64,2530,0,0.0,1114,-4.4,40.5667,7.6283,6.3225,5.8083,0.2,"{6.3225: 86, 4.5: 17, 5.2: 15, 5.6: 14, 2.0: 13}",
anion_gap_first,float64,2530,0,0.0,309,-4.8,39.2,8.1098,7.1,6.4116,0.5,"{7.1: 98, 5.6: 28, 3.6: 25, 6.6: 23, 3.1: 22}",
anion_gap_count,int64,2530,0,0.0,17,0.0,16.0,3.147,3.0,2.0025,3.4,"{3: 590, 2: 574, 1: 410, 4: 369, 5: 209}",
spo2_lab_max,float64,2530,0,0.0,180,51.2,100.5,98.0635,99.4,5.3747,0.0,"{100.0: 491, 99.4: 212, 99.8: 150, 99.6: 142, 99.7: 141}",
spo2_lab_min,float64,2530,0,0.0,432,50.2,100.3,90.7626,97.1,12.451,0.0,"{97.1: 98, 98.8: 72, 99.0: 71, 98.7: 69, 98.4: 67}",
spo2_lab_mean,float64,2530,0,0.0,890,51.2,100.3,95.3933,98.1833,6.7722,0.0,"{98.1833: 81, 100.0: 62, 98.9: 41, 99.2: 40, 99.4: 36}",
spo2_lab_first,float64,2530,0,0.0,345,50.9,100.3,94.3348,98.6,10.0229,0.0,"{100.0: 196, 98.6: 138, 99.5: 95, 99.3: 95, 99.2: 94}",
spo2_lab_count,int64,2530,0,0.0,16,0.0,15.0,3.1747,3.0,1.9858,3.1,"{3: 610, 2: 561, 1: 399, 4: 376, 5: 209}",
hemoglobin_max,float64,2530,0,0.0,200,0.58,24.6,11.9954,11.8,2.9811,0.0,"{11.8: 101, 12.0: 47, 11.1: 47, 12.4: 47, 11.9: 47}",
hemoglobin_min,float64,2530,0,0.0,276,0.0,20.5,7.344,8.7,4.7595,0.3,"{8.7: 61, 9.5: 36, 9.4: 36, 10.1: 36, 9.7: 35}",
hemoglobin_mean,float64,2530,0,0.0,1632,0.58,21.4333,9.2432,9.8667,3.8851,0.0,"{9.8667: 68, 10.9: 10, 9.7: 9, 12.1: 9, 10.2: 9}",
hemoglobin_first,float64,2530,0,0.0,281,0.11,22.7,8.4773,10.0,5.2129,0.0,"{10.0: 86, 9.8: 40, 10.6: 39, 11.5: 36, 11.7: 34}",
hemoglobin_count,int64,2530,0,0.0,19,0.0,18.0,4.9209,5.0,2.3647,2.4,"{5: 550, 4: 427, 3: 345, 6: 339, 2: 246}",
hematocrit_max,float64,2530,0,0.0,408,8.7,74.2,37.4932,36.7,8.0414,0.0,"{36.7: 76, 34.3: 25, 35.3: 24, 36.5: 22, 38.4: 20}",
hematocrit_min,float64,2530,0,0.0,413,0.0,66.7,30.0758,29.9,7.9009,0.3,"{29.9: 79, 29.5: 24, 30.5: 23, 27.0: 21, 30.1: 21}",
hematocrit_mean,float64,2530,0,0.0,1686,8.0667,70.45,33.7243,33.15,7.2477,0.0,"{33.15: 64, 33.3: 8, 37.0: 8, 34.9: 7, 31.8: 7}",
hematocrit_first,float64,2530,0,0.0,411,4.3,69.1,34.1172,33.9,8.0981,0.0,"{33.9: 72, 32.9: 26, 35.3: 23, 33.3: 22, 32.8: 21}",
hematocrit_count,int64,2530,0,0.0,19,0.0,18.0,4.9486,5.0,2.372,2.4,"{5: 551, 4: 421, 6: 349, 3: 341, 2: 242}",
pt_max,float64,2530,0,0.0,223,8.6,107.7,14.2872,12.8,6.7432,0.0,"{12.8: 686, 12.0: 59, 11.8: 57, 12.1: 57, 12.5: 55}",
pt_max_was_measured,int64,2530,0,0.0,2,0.0,1.0,0.7455,1.0,0.4357,25.5,"{1: 1886, 0: 644}",
pt_min,float64,2530,0,0.0,186,8.6,99.8,13.3959,12.5,4.4545,0.0,"{12.5: 704, 12.0: 68, 11.8: 65, 11.9: 61, 12.4: 59}",
pt_min_was_measured,int64,2530,0,0.0,2,0.0,1.0,0.7455,1.0,0.4357,25.5,"{1: 1886, 0: 644}",
pt_mean,float64,2530,0,0.0,326,8.6,99.8,13.8147,12.65,5.1417,0.0,"{12.65: 657, 12.0: 60, 11.9: 54, 11.8: 53, 12.1: 51}",
pt_mean_was_measured,int64,2530,0,0.0,2,0.0,1.0,0.7455,1.0,0.4357,25.5,"{1: 1886, 0: 644}",
pt_first,float64,2530,0,0.0,212,8.6,107.7,14.0074,12.6,6.2657,0.0,"{12.6: 696, 11.8: 61, 12.0: 61, 11.9: 58, 12.5: 57}",
pt_first_was_measured,int64,2530,0,0.0,2,0.0,1.0,0.7455,1.0,0.4357,25.5,"{1: 1886, 0: 644}",
pt_count,int64,2530,0,0.0,6,0.0,5.0,1.0119,1.0,0.7878,25.5,"{1: 1314, 0: 644, 2: 489, 3: 69, 4: 9}",
ptt_max,float64,2530,0,0.0,565,15.4,175.9,37.8852,32.6,19.6095,0.0,"{32.6: 658, 30.6: 16, 29.7: 16, 27.3: 15, 33.9: 15}",
ptt_max_was_measured,int64,2530,0,0.0,2,0.0,1.0,0.7423,1.0,0.4375,25.8,"{1: 1878, 0: 652}",
ptt_min,float64,2530,0,0.0,469,15.3,152.5,33.9138,30.8,12.8539,0.0,"{30.8: 666, 27.3: 18, 28.0: 17, 26.5: 17, 29.1: 16}",
ptt_min_was_measured,int64,2530,0,0.0,2,0.0,1.0,0.7423,1.0,0.4375,25.8,"{1: 1878, 0: 652}",
ptt_mean,float64,2530,0,0.0,699,15.4,152.5,35.838,31.825,14.932,0.0,"{31.825: 652, 30.6: 15, 27.3: 15, 31.0: 14, 29.7: 14}",
ptt_mean_was_measured,int64,2530,0,0.0,2,0.0,1.0,0.7423,1.0,0.4375,25.8,"{1: 1878, 0: 652}",
ptt_first,float64,2530,0,0.0,540,15.3,166.0,36.6875,32.1,17.3282,0.0,"{32.1: 659, 27.3: 19, 25.7: 19, 33.9: 16, 29.1: 15}",
ptt_first_was_measured,int64,2530,0,0.0,2,0.0,1.0,0.7423,1.0,0.4375,25.8,"{1: 1878, 0: 652}",
ptt_count,int64,2530,0,0.0,7,0.0,6.0,0.9984,1.0,0.7712,25.8,"{1: 1314, 0: 652, 2: 493, 3: 62, 4: 6}",
sodium_max,float64,2530,0,0.0,61,112.0,190.0,139.6866,139.0,6.0143,0.0,"{139.0: 315, 138.0: 239, 140.0: 237, 141.0: 193, 137.0: 191}",
sodium_min,float64,2530,0,0.0,53,104.0,172.0,134.9059,135.0,5.2785,0.0,"{135.0: 333, 136.0: 261, 134.0: 225, 137.0: 216, 138.0: 195}",
sodium_mean,float64,2530,0,0.0,368,111.5,177.0,137.3191,137.1667,5.0214,0.0,"{136.0: 114, 137.0: 109, 138.0: 105, 140.0: 96, 135.0: 96}",
sodium_first,float64,2530,0,0.0,57,104.0,181.0,137.3123,137.0,5.6742,0.0,"{137.0: 296, 136.0: 224, 140.0: 213, 138.0: 213, 139.0: 193}",
sodium_count,int64,2530,0,0.0,17,0.0,16.0,3.2451,3.0,2.0263,2.7,"{3: 605, 2: 551, 1: 392, 4: 382, 5: 214}",
potassium_max,float64,2530,0,0.0,64,1.8,12.0,4.202,4.1,0.808,0.0,"{4.1: 270, 4.2: 189, 4.0: 183, 3.8: 182, 3.9: 165}",
potassium_min,float64,2530,0,0.0,48,1.2,10.7,3.4772,3.5,0.6141,0.0,"{3.5: 264, 3.4: 183, 3.3: 176, 3.6: 165, 3.2: 155}",
potassium_mean,float64,2530,0,0.0,372,1.45,10.7,3.828,3.75,0.5795,0.0,"{3.7: 99, 3.75: 98, 3.5: 86, 3.9: 82, 3.8: 81}",
potassium_first,float64,2530,0,0.0,60,1.2,11.0,3.7891,3.7,0.7395,0.0,"{3.7: 223, 3.5: 179, 3.6: 174, 3.8: 151, 3.9: 149}",
potassium_count,int64,2530,0,0.0,16,0.0,16.0,3.2395,3.0,2.0196,2.7,"{3: 603, 2: 552, 1: 394, 4: 382, 5: 214}",
calcium_max,float64,2530,0,0.0,191,0.74,3.95,1.8041,1.99,0.4968,0.0,"{1.99: 76, 1.28: 44, 2.22: 43, 2.25: 42, 1.23: 42}",
calcium_min,float64,2530,0,0.0,103,0.37,2.49,1.0994,1.12,0.1456,0.0,"{1.12: 159, 1.13: 101, 1.1: 91, 1.17: 90, 1.15: 86}",
calcium_mean,float64,2530,0,0.0,884,0.6975,2.745,1.3432,1.31,0.2212,0.0,"{1.31: 82, 1.23: 30, 1.24: 22, 1.15: 21, 1.25: 21}",
calcium_first,float64,2530,0,0.0,125,0.42,2.87,1.1904,1.2,0.185,0.0,"{1.2: 150, 1.21: 95, 1.22: 93, 1.23: 87, 1.24: 81}",
calcium_count,int64,2530,0,0.0,18,0.0,18.0,3.9787,4.0,2.2722,2.5,"{3: 526, 4: 435, 2: 435, 5: 328, 6: 228}",
albumin_max,float64,2530,0,0.0,310,6.0,57.4,35.4362,35.8,5.1982,0.0,"{35.8: 1021, 31.7: 15, 34.5: 15, 32.9: 15, 37.2: 14}",
albumin_max_was_measured,int64,2530,0,0.0,2,0.0,1.0,0.5996,1.0,0.4901,40.0,"{1: 1517, 0: 1013}",
albumin_min,float64,2530,0,0.0,309,6.0,57.4,35.2367,35.6,5.1873,0.0,"{35.6: 1022, 37.2: 15, 32.9: 15, 34.5: 15, 31.7: 15}",
albumin_min_was_measured,int64,2530,0,0.0,2,0.0,1.0,0.5996,1.0,0.4901,40.0,"{1: 1517, 0: 1013}",
albumin_mean,float64,2530,0,0.0,332,6.0,57.4,35.3365,35.7,5.1671,0.0,"{35.7: 1023, 34.5: 15, 32.9: 15, 31.7: 15, 36.9: 14}",
albumin_mean_was_measured,int64,2530,0,0.0,2,0.0,1.0,0.5996,1.0,0.4901,40.0,"{1: 1517, 0: 1013}",
albumin_first,float64,2530,0,0.0,312,6.0,57.4,35.3565,35.7,5.209,0.0,"{35.7: 1023, 31.7: 15, 32.9: 15, 34.5: 15, 39.6: 14}",
albumin_first_was_measured,int64,2530,0,0.0,2,0.0,1.0,0.5996,1.0,0.4901,40.0,"{1: 1517, 0: 1013}",
albumin_count,int64,2530,0,0.0,4,0.0,4.0,0.7411,1.0,0.7113,40.0,"{1: 1185, 0: 1013, 2: 319, 4: 13}",
crp_max,float64,2530,0,0.0,810,0.0,292.1,26.4871,14.0,35.2675,0.0,"{14.0: 654, 4.0: 110, 5.0: 72, 3.0: 68, 6.0: 58}",
crp_max_was_measured,int64,2530,0,0.0,2,0.0,1.0,0.7506,1.0,0.4328,24.9,"{1: 1899, 0: 631}",
crp_min,float64,2530,0,0.0,786,0.0,264.03,19.461,9.0,29.511,0.1,"{9.0: 671, 3.0: 152, 4.0: 148, 5.0: 96, 6.0: 59}",
crp_min_was_measured,int64,2530,0,0.0,2,0.0,1.0,0.7506,1.0,0.4328,24.9,"{1: 1899, 0: 631}",
crp_mean,float64,2530,0,0.0,932,0.0,264.03,23.0548,12.0,31.5275,0.0,"{12.0: 656, 4.0: 91, 3.0: 63, 5.0: 59, 6.0: 53}",
crp_mean_was_measured,int64,2530,0,0.0,2,0.0,1.0,0.7506,1.0,0.4328,24.9,"{1: 1899, 0: 631}",
crp_first,float64,2530,0,0.0,806,0.0,292.1,20.5672,9.0,31.3283,0.1,"{9.0: 667, 4.0: 146, 3.0: 143, 5.0: 92, 6.0: 57}",
crp_first_was_measured,int64,2530,0,0.0,2,0.0,1.0,0.7506,1.0,0.4328,24.9,"{1: 1899, 0: 631}",
crp_count,int64,2530,0,0.0,6,0.0,5.0,1.1138,1.0,0.8373,24.9,"{1: 1089, 2: 717, 0: 631, 3: 80, 4: 10}",
ldh_max,float64,2530,0,0.0,752,6.0,18250.0,547.4972,368.0,952.7153,0.0,"{368.0: 988, 262.0: 14, 322.0: 9, 336.0: 8, 248.0: 8}",
ldh_max_was_measured,int64,2530,0,0.0,2,0.0,1.0,0.6111,1.0,0.4876,38.9,"{1: 1546, 0: 984}",
ldh_min,float64,2530,0,0.0,754,2.0,18250.0,511.1209,347.0,925.0256,0.0,"{347.0: 989, 262.0: 14, 322.0: 9, 221.0: 8, 241.0: 8}",
ldh_min_was_measured,int64,2530,0,0.0,2,0.0,1.0,0.6111,1.0,0.4876,38.9,"{1: 1546, 0: 984}",
ldh_mean,float64,2530,0,0.0,808,6.0,18250.0,528.3145,355.25,932.1337,0.0,"{355.25: 984, 262.0: 14, 241.0: 10, 244.0: 8, 302.0: 8}",
ldh_mean_was_measured,int64,2530,0,0.0,2,0.0,1.0,0.6111,1.0,0.4876,38.9,"{1: 1546, 0: 984}",
ldh_first,float64,2530,0,0.0,758,2.0,18250.0,537.217,362.0,947.7198,0.0,"{362.0: 989, 262.0: 14, 322.0: 10, 336.0: 8, 248.0: 8}",
ldh_first_was_measured,int64,2530,0,0.0,2,0.0,1.0,0.6111,1.0,0.4876,38.9,"{1: 1546, 0: 984}",
ldh_count,int64,2530,0,0.0,6,0.0,6.0,0.8059,1.0,0.7983,38.9,"{1: 1120, 0: 984, 2: 395, 4: 24, 6: 4}",
urea_max,float64,2530,0,0.0,742,0.09,82.0,4.4332,3.57,4.6914,0.0,"{3.57: 714, 3.6: 14, 3.4: 13, 2.7: 12, 3.2: 12}",
urea_max_was_measured,int64,2530,0,0.0,2,0.0,1.0,0.7213,1.0,0.4484,27.9,"{1: 1825, 0: 705}",
urea_min,float64,2530,0,0.0,726,0.09,73.79,4.2158,3.4,4.288,0.0,"{3.4: 717, 3.1: 13, 1.3: 13, 2.3: 12, 2.7: 11}",
urea_min_was_measured,int64,2530,0,0.0,2,0.0,1.0,0.7213,1.0,0.4484,27.9,"{1: 1825, 0: 705}",
urea_mean,float64,2530,0,0.0,827,0.09,76.7,4.3326,3.5,4.4877,0.0,"{3.5: 711, 3.2: 13, 2.3: 12, 3.4: 12, 1.3: 11}",
urea_mean_was_measured,int64,2530,0,0.0,2,0.0,1.0,0.7213,1.0,0.4484,27.9,"{1: 1825, 0: 705}",
urea_first,float64,2530,0,0.0,733,0.09,82.0,4.3437,3.51,4.5917,0.0,"{3.51: 709, 3.6: 13, 3.4: 12, 2.7: 12, 2.3: 12}",
urea_first_was_measured,int64,2530,0,0.0,2,0.0,1.0,0.7213,1.0,0.4484,27.9,"{1: 1825, 0: 705}",
urea_count,int64,2530,0,0.0,8,0.0,7.0,0.9561,1.0,0.8126,27.9,"{1: 1371, 0: 705, 2: 347, 3: 85, 4: 14}",
uric_acid_max,float64,2530,0,0.0,746,36.0,1937.0,288.9134,260.0,155.4261,0.0,"{260.0: 1024, 217.0: 10, 262.0: 9, 214.0: 9, 204.0: 9}",possible_id_column
uric_acid_max_was_measured,int64,2530,0,0.0,2,0.0,1.0,0.5992,1.0,0.4902,40.1,"{1: 1516, 0: 1014}",possible_id_column
uric_acid_min,float64,2530,0,0.0,744,36.0,1937.0,286.9136,258.45,154.7077,0.0,"{258.45: 1014, 217.0: 11, 214.0: 9, 260.0: 9, 262.0: 9}",possible_id_column
uric_acid_min_was_measured,int64,2530,0,0.0,2,0.0,1.0,0.5992,1.0,0.4902,40.1,"{1: 1516, 0: 1014}",possible_id_column
uric_acid_mean,float64,2530,0,0.0,762,36.0,1937.0,287.8233,259.0,154.9012,0.0,"{259.0: 1018, 217.0: 10, 214.0: 10, 260.0: 9, 262.0: 9}",possible_id_column
uric_acid_mean_was_measured,int64,2530,0,0.0,2,0.0,1.0,0.5992,1.0,0.4902,40.1,"{1: 1516, 0: 1014}",possible_id_column
uric_acid_first,float64,2530,0,0.0,746,36.0,1937.0,287.8975,259.0,155.249,0.0,"{259.0: 1018, 217.0: 11, 260.0: 9, 262.0: 9, 204.0: 9}",possible_id_column
uric_acid_first_was_measured,int64,2530,0,0.0,2,0.0,1.0,0.5992,1.0,0.4902,40.1,"{1: 1516, 0: 1014}",possible_id_column
uric_acid_count,int64,2530,0,0.0,4,0.0,4.0,0.7399,1.0,0.7106,40.1,"{1: 1186, 0: 1014, 2: 317, 4: 13}",possible_id_column
ck_max,float64,2530,0,0.0,664,0.0,132983.0,436.3593,149.0,3347.4871,0.2,"{149.0: 995, 37.0: 13, 36.0: 13, 47.0: 12, 103.0: 11}",
ck_max_was_measured,int64,2530,0,0.0,2,0.0,1.0,0.6083,1.0,0.4882,39.2,"{1: 1539, 0: 991}",
ck_min,float64,2530,0,0.0,644,0.0,132983.0,399.8304,137.0,3292.0829,0.4,"{137.0: 995, 1.0: 20, 3.0: 18, 36.0: 13, 51.0: 13}",
ck_min_was_measured,int64,2530,0,0.0,2,0.0,1.0,0.6083,1.0,0.4882,39.2,"{1: 1539, 0: 991}",
ck_mean,float64,2530,0,0.0,710,0.0,132983.0,418.8957,145.0,3305.2627,0.2,"{145.0: 999, 37.0: 13, 51.0: 12, 36.0: 12, 63.0: 11}",
ck_mean_was_measured,int64,2530,0,0.0,2,0.0,1.0,0.6083,1.0,0.4882,39.2,"{1: 1539, 0: 991}",
ck_first,float64,2530,0,0.0,657,0.0,132983.0,429.5134,145.0,3347.496,0.3,"{145.0: 999, 36.0: 13, 37.0: 13, 41.0: 12, 51.0: 12}",
ck_first_was_measured,int64,2530,0,0.0,2,0.0,1.0,0.6083,1.0,0.4882,39.2,"{1: 1539, 0: 991}",
ck_count,int64,2530,0,0.0,6,0.0,6.0,0.7972,1.0,0.7856,39.2,"{1: 1119, 0: 991, 2: 393, 4: 22, 6: 3}",
spo2_max,float64,2530,0,0.0,14,75.0,100.0,99.832,100.0,0.9614,0.0,"{100.0: 2382, 98.0: 57, 99.0: 40, 97.0: 16, 95.0: 13}",
spo2_max_was_measured,int64,2530,0,0.0,2,0.0,1.0,0.234,0.0,0.4235,76.6,"{0: 1938, 1: 592}",
spo2_min,float64,2530,0,0.0,19,75.0,100.0,99.664,100.0,1.4458,0.0,"{100.0: 2260, 98.0: 102, 99.0: 64, 97.0: 31, 95.0: 28}",
spo2_min_was_measured,int64,2530,0,0.0,2,0.0,1.0,0.234,0.0,0.4235,76.6,"{0: 1938, 1: 592}",
spo2_mean,float64,2530,0,0.0,62,75.0,100.0,99.7608,100.0,1.0551,0.0,"{100.0: 2260, 98.0: 52, 99.0: 47, 99.3333: 20, 97.0: 20}",
spo2_mean_was_measured,int64,2530,0,0.0,2,0.0,1.0,0.234,0.0,0.4235,76.6,"{0: 1938, 1: 592}",
spo2_first,float64,2530,0,0.0,16,75.0,100.0,99.7767,100.0,1.1634,0.0,"{100.0: 2350, 98.0: 65, 99.0: 42, 97.0: 24, 95.0: 18}",
spo2_first_was_measured,int64,2530,0,0.0,2,0.0,1.0,0.234,0.0,0.4235,76.6,"{0: 1938, 1: 592}",
spo2_count,int64,2530,0,0.0,19,0.0,31.0,0.5538,0.0,1.7539,76.6,"{0: 1938, 1: 332, 3: 99, 2: 91, 4: 15}",
systolic_bp_max,float64,2530,0,0.0,112,35.0,216.0,101.5304,102.0,13.7898,0.0,"{102.0: 1709, 120.0: 24, 106.0: 21, 112.0: 19, 101.0: 17}",
systolic_bp_max_was_measured,int64,2530,0,0.0,2,0.0,1.0,0.3312,0.0,0.4707,66.9,"{0: 1692, 1: 838}",
systolic_bp_min,float64,2530,0,0.0,109,31.0,163.0,95.6439,96.0,12.677,0.0,"{96.0: 1715, 105.0: 24, 102.0: 23, 100.0: 21, 89.0: 20}",
systolic_bp_min_was_measured,int64,2530,0,0.0,2,0.0,1.0,0.3312,0.0,0.4707,66.9,"{0: 1692, 1: 838}",
systolic_bp_mean,float64,2530,0,0.0,222,35.0,168.0,99.6602,100.6667,12.8785,0.0,"{100.6667: 1694, 106.0: 22, 101.0: 19, 102.0: 17, 120.0: 14}",
systolic_bp_mean_was_measured,int64,2530,0,0.0,2,0.0,1.0,0.3312,0.0,0.4707,66.9,"{0: 1692, 1: 838}",
systolic_bp_first,float64,2530,0,0.0,113,35.0,216.0,100.2937,101.0,13.9493,0.0,"{101.0: 1710, 120.0: 22, 106.0: 20, 105.0: 18, 89.0: 16}",
systolic_bp_first_was_measured,int64,2530,0,0.0,2,0.0,1.0,0.3312,0.0,0.4707,66.9,"{0: 1692, 1: 838}",
systolic_bp_count,int64,2530,0,0.0,10,0.0,14.0,0.5486,0.0,0.9963,66.9,"{0: 1692, 1: 494, 2: 207, 3: 107, 4: 15}",
diastolic_bp_max,float64,2530,0,0.0,90,16.0,122.0,61.0486,61.0,10.1277,0.0,"{61.0: 1707, 58.0: 30, 68.0: 25, 65.0: 23, 63.0: 22}",
diastolic_bp_max_was_measured,int64,2530,0,0.0,2,0.0,1.0,0.3308,0.0,0.4706,66.9,"{0: 1693, 1: 837}",
diastolic_bp_min,float64,2530,0,0.0,83,16.0,108.0,56.0447,56.0,9.299,0.0,"{56.0: 1724, 54.0: 28, 58.0: 25, 50.0: 25, 65.0: 24}",
diastolic_bp_min_was_measured,int64,2530,0,0.0,2,0.0,1.0,0.3308,0.0,0.4706,66.9,"{0: 1693, 1: 837}",
diastolic_bp_mean,float64,2530,0,0.0,195,16.0,108.0,58.5024,58.5,9.3265,0.0,"{58.5: 1695, 56.0: 24, 54.0: 21, 58.0: 17, 63.0: 17}",
diastolic_bp_mean_was_measured,int64,2530,0,0.0,2,0.0,1.0,0.3308,0.0,0.4706,66.9,"{0: 1693, 1: 837}",
diastolic_bp_first,float64,2530,0,0.0,89,16.0,122.0,59.181,59.0,10.1793,0.0,"{59.0: 1708, 58.0: 27, 70.0: 24, 68.0: 22, 63.0: 22}",
diastolic_bp_first_was_measured,int64,2530,0,0.0,2,0.0,1.0,0.3308,0.0,0.4706,66.9,"{0: 1693, 1: 837}",
diastolic_bp_count,int64,2530,0,0.0,10,0.0,14.0,0.5482,0.0,0.9964,66.9,"{0: 1693, 1: 493, 2: 207, 3: 107, 4: 15}",
heart_rate_max,float64,2530,0,0.0,111,56.0,222.0,144.9439,146.0,14.2897,0.0,"{146.0: 1644, 148.0: 36, 160.0: 35, 152.0: 34, 140.0: 33}",
heart_rate_max_was_measured,int64,2530,0,0.0,2,0.0,1.0,0.3593,0.0,0.4799,64.1,"{0: 1621, 1: 909}",
heart_rate_min,float64,2530,0,0.0,114,50.0,198.0,119.1213,120.0,15.2312,0.0,"{120.0: 1649, 124.0: 34, 130.0: 33, 126.0: 26, 140.0: 26}",
heart_rate_min_was_measured,int64,2530,0,0.0,2,0.0,1.0,0.3593,0.0,0.4799,64.1,"{0: 1621, 1: 909}",
heart_rate_mean,float64,2530,0,0.0,474,56.0,204.3333,131.3858,132.3333,13.4585,0.0,"{132.3333: 1626, 140.0: 26, 130.0: 20, 136.0: 19, 152.0: 13}",
heart_rate_mean_was_measured,int64,2530,0,0.0,2,0.0,1.0,0.3593,0.0,0.4799,64.1,"{0: 1621, 1: 909}",
heart_rate_first,float64,2530,0,0.0,119,56.0,216.0,133.1186,134.0,15.4455,0.0,"{134.0: 1641, 140.0: 38, 130.0: 32, 120.0: 28, 138.0: 26}",
heart_rate_first_was_measured,int64,2530,0,0.0,2,0.0,1.0,0.3593,0.0,0.4799,64.1,"{0: 1621, 1: 909}",
heart_rate_count,int64,2530,0,0.0,9,0.0,8.0,1.5609,0.0,2.5317,64.1,"{0: 1621, 6: 282, 1: 242, 7: 166, 5: 101}",
resp_rate_max,float64,2530,0,0.0,51,16.0,98.0,37.053,36.0,7.8474,0.0,"{36.0: 1536, 30.0: 123, 54.0: 69, 32.0: 63, 52.0: 63}",
resp_rate_max_was_measured,int64,2530,0,0.0,2,0.0,1.0,0.4075,0.0,0.4915,59.2,"{0: 1499, 1: 1031}",
resp_rate_min,float64,2530,0,0.0,42,10.0,64.0,29.0601,28.0,7.4293,0.0,"{28.0: 1550, 20.0: 115, 30.0: 111, 24.0: 87, 22.0: 69}",
resp_rate_min_was_measured,int64,2530,0,0.0,2,0.0,1.0,0.4075,0.0,0.4915,59.2,"{0: 1499, 1: 1031}",
resp_rate_mean,float64,2530,0,0.0,383,16.0,76.2857,32.2129,30.6667,7.4853,0.0,"{30.6667: 1502, 30.0: 42, 24.0: 32, 52.0: 27, 28.0: 26}",
resp_rate_mean_was_measured,int64,2530,0,0.0,2,0.0,1.0,0.4075,0.0,0.4915,59.2,"{0: 1499, 1: 1031}",
resp_rate_first,float64,2530,0,0.0,45,12.0,86.0,31.7794,30.0,7.7859,0.0,"{30.0: 1701, 28.0: 71, 24.0: 57, 26.0: 52, 20.0: 48}",
resp_rate_first_was_measured,int64,2530,0,0.0,2,0.0,1.0,0.4075,0.0,0.4915,59.2,"{0: 1499, 1: 1031}",
resp_rate_count,int64,2530,0,0.0,23,0.0,31.0,1.9814,0.0,3.1887,59.2,"{0: 1499, 6: 226, 1: 216, 7: 171, 2: 122}",
temperature_max,float64,2530,0,0.0,60,32.5,42.0,37.2531,37.2,0.5205,0.0,"{37.2: 1575, 37.0: 97, 37.1: 68, 36.9: 62, 37.5: 61}",
temperature_max_was_measured,int64,2530,0,0.0,2,0.0,1.0,0.4103,0.0,0.492,59.0,"{0: 1492, 1: 1038}",
temperature_min,float64,2530,0,0.0,63,30.9,39.4,36.2944,36.3,0.6052,0.0,"{36.3: 1549, 36.0: 147, 36.5: 71, 36.1: 56, 36.8: 52}",
temperature_min_was_measured,int64,2530,0,0.0,2,0.0,1.0,0.4103,0.0,0.492,59.0,"{0: 1492, 1: 1038}",
temperature_mean,float64,2530,0,0.0,338,31.4833,40.6125,36.8496,36.8333,0.4573,0.0,"{36.8333: 1499, 36.8: 42, 36.9: 36, 36.7: 35, 36.6: 32}",
temperature_mean_was_measured,int64,2530,0,0.0,2,0.0,1.0,0.4103,0.0,0.492,59.0,"{0: 1492, 1: 1038}",
temperature_first,float64,2530,0,0.0,65,32.2,41.2,36.5815,36.6,0.6289,0.0,"{36.6: 1534, 36.0: 103, 36.5: 63, 37.0: 59, 36.8: 54}",
temperature_first_was_measured,int64,2530,0,0.0,2,0.0,1.0,0.4103,0.0,0.492,59.0,"{0: 1492, 1: 1038}",
temperature_count,int64,2530,0,0.0,18,0.0,21.0,1.881,0.0,2.867,59.0,"{0: 1492, 6: 222, 1: 219, 7: 183, 2: 129}",
map_max,float64,2530,0,0.0,228,23.0,144.7,74.5078,74.7,10.9459,0.0,"{74.7: 1698, 73.0: 12, 67.3: 10, 84.7: 10, 78.7: 9}",
map_max_was_measured,int64,2530,0,0.0,2,0.0,1.0,0.3308,0.0,0.4706,66.9,"{0: 1693, 1: 837}",
map_min,float64,2530,0,0.0,219,23.0,116.0,69.754,70.0,10.059,0.0,"{70.0: 1705, 73.0: 13, 71.3: 11, 76.7: 11, 63.3: 10}",
map_min_was_measured,int64,2530,0,0.0,2,0.0,1.0,0.3308,0.0,0.4706,66.9,"{0: 1693, 1: 837}",
map_mean,float64,2530,0,0.0,431,23.0,120.65,72.5225,73.0,10.1535,0.0,"{73.0: 1704, 70.0: 9, 63.3: 7, 67.3: 7, 76.7: 7}",
map_mean_was_measured,int64,2530,0,0.0,2,0.0,1.0,0.3308,0.0,0.4706,66.9,"{0: 1693, 1: 837}",
map_first,float64,2530,0,0.0,229,23.0,144.7,73.3572,73.7,11.0544,0.0,"{73.7: 1700, 73.0: 14, 67.3: 10, 74.0: 9, 84.7: 9}",
map_first_was_measured,int64,2530,0,0.0,2,0.0,1.0,0.3308,0.0,0.4706,66.9,"{0: 1693, 1: 837}",
map_count,int64,2530,0,0.0,10,0.0,14.0,0.5482,0.0,0.9964,66.9,"{0: 1693, 1: 493, 2: 207, 3: 107, 4: 15}",
shock_index,float64,2530,0,0.0,645,0.4628,4.3429,1.3191,1.2812,0.2957,0.0,"{1.2812: 1870, 1.3975: 2, 1.1667: 2, 1.2778: 2, 0.9623: 2}",
shock_index_was_measured,int64,2530,0,0.0,2,0.0,1.0,0.2613,0.0,0.4394,73.9,"{0: 1869, 1: 661}",
lactate_trend,float64,2530,0,0.0,166,-22.2,24.7,-0.4434,-0.3,2.3334,3.5,"{-0.3: 557, -0.4: 92, 0.1: 89, 0.0: 88, -0.2: 81}",
platelets_trend,float64,2530,0,0.0,421,-637.0,729.0,-0.5123,0.0,84.9715,33.6,"{0.0: 850, -14.0: 19, 9.0: 18, 8.0: 18, 2.0: 17}",
platelets_trend_was_measured,int64,2530,0,0.0,2,0.0,1.0,0.67,1.0,0.4703,33.0,"{1: 1695, 0: 835}",
creatinine_trend,float64,2530,0,0.0,162,-7.5566,19.3552,0.0218,0.0,0.4454,83.4,"{0.0: 2111, 0.1697: 14, 0.0113: 13, 0.2036: 13, 0.0339: 11}",
creatinine_trend_was_measured,int64,2530,0,0.0,2,0.0,1.0,0.2458,0.0,0.4307,75.4,"{0: 1908, 1: 622}",
bilirubin_trend,float64,2530,0,0.0,273,-10.7602,11.6374,0.0725,0.0,0.7937,82.3,"{0.0: 2081, 0.1754: 11, 0.4678: 8, 0.0585: 8, 0.5263: 7}",
bilirubin_trend_was_measured,int64,2530,0,0.0,2,0.0,1.0,0.2759,0.0,0.447,72.4,"{0: 1832, 1: 698}",
inr_trend,float64,2530,0,0.0,128,-15.47,4.66,-0.068,-0.04,0.4503,1.1,"{-0.04: 1971, 0.0: 27, -0.05: 22, 0.01: 22, 0.04: 22}",
inr_trend_was_measured,int64,2530,0,0.0,2,0.0,1.0,0.2265,0.0,0.4186,77.4,"{0: 1957, 1: 573}",
wbc_trend,float64,2530,0,0.0,1154,-43.34,75.74,1.1827,0.96,5.4829,0.1,"{0.96: 840, 0.41: 6, 0.55: 6, 1.03: 6, -0.31: 5}",
wbc_trend_was_measured,int64,2530,0,0.0,2,0.0,1.0,0.6692,1.0,0.4706,33.1,"{1: 1693, 0: 837}",
hemoglobin_trend,float64,2530,0,0.0,534,-12.0,19.88,1.1624,-0.1,4.1055,1.7,"{-0.1: 156, -0.8: 54, -0.6: 52, -0.5: 48, -0.2: 48}",
glucose_trend,float64,2530,0,0.0,313,-741.6,826.2,-7.2468,-7.2,75.3289,1.4,"{-7.2: 609, -10.8: 37, 0.0: 35, -12.6: 35, -18.0: 34}",
glucose_trend_was_measured,int64,2530,0,0.0,2,0.0,1.0,0.7723,1.0,0.4194,22.8,"{1: 1954, 0: 576}",
ph_trend,float64,2530,0,0.0,488,-0.65,0.637,0.0513,0.044,0.1059,7.0,"{0.044: 299, 0.0: 176, 0.067: 16, 0.085: 15, 0.006: 15}",
base_excess_trend,float64,2530,0,0.0,243,-25.2,35.7,1.8832,1.2,4.1112,2.1,"{1.2: 88, -0.2: 59, 0.3: 55, -0.4: 54, 0.0: 52}",
sodium_trend,float64,2530,0,0.0,53,-32.0,46.0,-0.1822,-1.0,5.3634,6.6,"{-1.0: 672, -2.0: 193, 1.0: 178, -3.0: 178, 0.0: 167}",
potassium_trend,float64,2530,0,0.0,63,-6.9,5.3,0.0991,0.1,0.7379,4.8,"{0.1: 589, 0.3: 131, -0.2: 130, -0.1: 126, 0.2: 125}",
heart_rate_trend,float64,2530,0,0.0,119,-88.0,84.0,-2.3383,-2.0,12.8287,0.7,"{-2.0: 1884, 4.0: 23, 6.0: 22, -12.0: 19, 10.0: 17}",
heart_rate_trend_was_measured,int64,2530,0,0.0,2,0.0,1.0,0.2636,0.0,0.4407,73.6,"{0: 1863, 1: 667}",
resp_rate_trend,float64,2530,0,0.0,50,-30.0,28.0,0.098,0.0,4.5605,72.0,"{0.0: 1822, -2.0: 100, -4.0: 75, 2.0: 70, 4.0: 51}",
resp_rate_trend_was_measured,int64,2530,0,0.0,2,0.0,1.0,0.3221,0.0,0.4674,67.8,"{0: 1715, 1: 815}",
temperature_trend,float64,2530,0,0.0,65,-5.8,4.1,0.5162,0.5,0.6113,1.4,"{0.5: 1748, 0.4: 44, 0.7: 37, 0.0: 36, 0.6: 36}",
temperature_trend_was_measured,int64,2530,0,0.0,2,0.0,1.0,0.3237,0.0,0.468,67.6,"{0: 1711, 1: 819}",
spo2_trend,float64,2530,0,0.0,13,-17.0,20.0,-0.0217,0.0,0.7691,95.3,"{0.0: 2410, -1.0: 38, -2.0: 36, 2.0: 11, 1.0: 8}",
spo2_trend_was_measured,int64,2530,0,0.0,2,0.0,1.0,0.1028,0.0,0.3037,89.7,"{0: 2270, 1: 260}",
hr_abnormal_for_age,int64,2530,0,0.0,2,0.0,1.0,0.0411,0.0,0.1986,95.9,"{0: 2426, 1: 104}",
rr_abnormal_for_age,int64,2530,0,0.0,2,0.0,1.0,0.0253,0.0,0.1571,97.5,"{0: 2466, 1: 64}",
sbp_abnormal_for_age,int64,2530,0,0.0,2,0.0,1.0,0.1443,0.0,0.3514,85.6,"{0: 2165, 1: 365}",
urine_output_total_ml,float64,2530,0,0.0,30,0.0,2980.0,5.2508,0.0,80.9589,98.7,"{0.0: 2496, 27.0: 3, 150.0: 3, 260.0: 2, 160.0: 1}",
urine_output_per_hour,float64,2530,0,0.0,34,0.0,264.89,0.4309,0.0,7.4239,98.7,"{0.0: 2496, 2.92: 2, 27.0: 1, 212.08: 1, 22.67: 1}",
fluid_input_total_ml,float64,2530,0,0.0,465,0.0,4830.0,142.7104,0.0,353.0082,76.0,"{0.0: 1923, 560.0: 5, 174.0: 4, 450.0: 4, 210.0: 4}",possible_id_column
fluid_balance_ml,float64,2530,0,0.0,485,-2980.0,4830.0,137.4596,0.0,362.3376,75.2,"{0.0: 1902, 560.0: 5, 174.0: 4, 450.0: 4, 210.0: 4}",possible_id_column
n_vasoactives_24h,int64,2530,0,0.0,7,0.0,6.0,0.5486,0.0,0.9362,62.7,"{0: 1587, 1: 721, 2: 94, 3: 57, 4: 55}",
vaso_dopamine,int64,2530,0,0.0,2,0.0,1.0,0.0893,0.0,0.2853,91.1,"{0: 2304, 1: 226}",
vaso_epinephrine,int64,2530,0,0.0,2,0.0,1.0,0.3233,0.0,0.4678,67.7,"{0: 1712, 1: 818}",
vaso_norepinephrine,int64,2530,0,0.0,2,0.0,1.0,0.0194,0.0,0.1378,98.1,"{0: 2481, 1: 49}",
vaso_vasopressin,int64,2530,0,0.0,1,0.0,0.0,0.0,0.0,0.0,100.0,{0: 2530},constant_column|zero_variance
vaso_dobutamine,int64,2530,0,0.0,2,0.0,1.0,0.0538,0.0,0.2256,94.6,"{0: 2394, 1: 136}",
vaso_milrinone,int64,2530,0,0.0,2,0.0,1.0,0.0526,0.0,0.2232,94.7,"{0: 2397, 1: 133}",
n_antibiotics_24h,int64,2530,0,0.0,17,1.0,36.0,2.5565,2.0,2.0947,0.0,"{1: 863, 2: 793, 3: 370, 4: 210, 5: 94}",
n_cultures_24h,int64,2530,0,0.0,45,1.0,64.0,3.9043,2.0,6.6115,0.0,"{1: 1186, 3: 411, 2: 400, 4: 129, 5: 107}",
n_positive_cultures,int64,2530,0,0.0,46,0.0,63.0,2.5486,0.0,6.6685,63.1,"{0: 1597, 2: 338, 1: 181, 3: 118, 4: 32}",
suspected_infection,int64,2530,0,0.0,1,1.0,1.0,1.0,1.0,0.0,0.0,{1: 2530},constant_column|zero_variance
symptom_fever,int64,2530,0,0.0,2,0.0,1.0,0.0146,0.0,0.1201,98.5,"{0: 2493, 1: 37}",
symptom_cough,int64,2530,0,0.0,2,0.0,1.0,0.0206,0.0,0.1419,97.9,"{0: 2478, 1: 52}",
symptom_rale,int64,2530,0,0.0,2,0.0,1.0,0.0051,0.0,0.0715,99.5,"{0: 2517, 1: 13}",
symptom_twitching,int64,2530,0,0.0,2,0.0,1.0,0.0032,0.0,0.0562,99.7,"{0: 2522, 1: 8}",
symptom_cyanosis,int64,2530,0,0.0,2,0.0,1.0,0.0036,0.0,0.0595,99.6,"{0: 2521, 1: 9}",
symptom_anhelation,int64,2530,0,0.0,2,0.0,1.0,0.0158,0.0,0.1248,98.4,"{0: 2490, 1: 40}",
symptom_listless,int64,2530,0,0.0,2,0.0,1.0,0.0119,0.0,0.1083,98.8,"{0: 2500, 1: 30}",
symptom_cool_extremities,int64,2530,0,0.0,2,0.0,1.0,0.0043,0.0,0.0658,99.6,"{0: 2519, 1: 11}",
symptom_warm_extremities,int64,2530,0,0.0,2,0.0,1.0,0.0016,0.0,0.0397,99.8,"{0: 2526, 1: 4}",
symptom_edema,int64,2530,0,0.0,2,0.0,1.0,0.0036,0.0,0.0595,99.6,"{0: 2521, 1: 9}",
symptom_hemorrhage,int64,2530,0,0.0,2,0.0,1.0,0.0055,0.0,0.0742,99.4,"{0: 2516, 1: 14}",
symptom_dysphoria,int64,2530,0,0.0,2,0.0,1.0,0.0004,0.0,0.0199,100.0,"{0: 2529, 1: 1}",
symptom_diarrhea,int64,2530,0,0.0,2,0.0,1.0,0.002,0.0,0.0444,99.8,"{0: 2525, 1: 5}",
symptom_skin_jaundice,int64,2530,0,0.0,2,0.0,1.0,0.0115,0.0,0.1065,98.9,"{0: 2501, 1: 29}",
symptom_arrhythmia,int64,2530,0,0.0,2,0.0,1.0,0.002,0.0,0.0444,99.8,"{0: 2525, 1: 5}",
symptom_vomiting,int64,2530,0,0.0,2,0.0,1.0,0.0162,0.0,0.1263,98.4,"{0: 2489, 1: 41}",
symptom_swelling,int64,2530,0,0.0,2,0.0,1.0,0.0024,0.0,0.0487,99.8,"{0: 2524, 1: 6}",
symptom_tenderness,int64,2530,0,0.0,2,0.0,1.0,0.0004,0.0,0.0199,100.0,"{0: 2529, 1: 1}",
symptom_phlegm_sound,int64,2530,0,0.0,2,0.0,1.0,0.0032,0.0,0.0562,99.7,"{0: 2522, 1: 8}",
symptom_three_depressions_sign,int64,2530,0,0.0,2,0.0,1.0,0.0115,0.0,0.1065,98.9,"{0: 2501, 1: 29}",
symptom_abdominal_distension,int64,2530,0,0.0,2,0.0,1.0,0.0087,0.0,0.0929,99.1,"{0: 2508, 1: 22}",
symptom_erythra,int64,2530,0,0.0,2,0.0,1.0,0.0067,0.0,0.0817,99.3,"{0: 2513, 1: 17}",
symptom_anhelation_and_cyanosis,int64,2530,0,0.0,1,0.0,0.0,0.0,0.0,0.0,100.0,{0: 2530},constant_column|zero_variance
symptom_moist_rale,int64,2530,0,0.0,2,0.0,1.0,0.0043,0.0,0.0658,99.6,"{0: 2519, 1: 11}",
symptom_dry_and_moist_rales,int64,2530,0,0.0,2,0.0,1.0,0.0004,0.0,0.0199,100.0,"{0: 2529, 1: 1}",
symptom_infection,int64,2530,0,0.0,2,0.0,1.0,0.0079,0.0,0.0886,99.2,"{0: 2510, 1: 20}",
symptom_pharyngeal_red,int64,2530,0,0.0,2,0.0,1.0,0.0024,0.0,0.0487,99.8,"{0: 2524, 1: 6}",
symptom_headache,int64,2530,0,0.0,2,0.0,1.0,0.0032,0.0,0.0562,99.7,"{0: 2522, 1: 8}",
symptom_chest_tightness,int64,2530,0,0.0,2,0.0,1.0,0.002,0.0,0.0444,99.8,"{0: 2525, 1: 5}",
symptom_rebound_tenderness,int64,2530,0,0.0,2,0.0,1.0,0.0012,0.0,0.0344,99.9,"{0: 2527, 1: 3}",
symptom_abdominal_tenderness,int64,2530,0,0.0,2,0.0,1.0,0.0008,0.0,0.0281,99.9,"{0: 2528, 1: 2}",
had_surgery_flag,int64,2530,0,0.0,2,0.0,1.0,0.4059,0.0,0.4912,59.4,"{0: 1503, 1: 1027}",
had_cardiac_surgery_flag,int64,2530,0,0.0,2,0.0,1.0,0.0047,0.0,0.0687,99.5,"{0: 2518, 1: 12}",
phoenix_core_score,int64,2530,0,0.0,8,0.0,7.0,1.0783,1.0,1.3161,42.6,"{0: 1079, 1: 760, 2: 386, 3: 144, 4: 73}",possible_label_leakage
phoenix_8_score,int64,2530,0,0.0,12,0.0,11.0,2.3992,2.0,1.9032,11.4,"{2: 649, 1: 638, 3: 428, 0: 288, 4: 203}",possible_label_leakage
sepsis_label,int64,2530,0,0.0,2,0.0,1.0,0.2731,0.0,0.4457,72.7,"{0: 1839, 1: 691}",possible_label_leakage
