threshold,nb_model,nb_model_calibrated,nb_treat_all,nb_treat_none
0.01,0.2702538816282892,0.2656262466689007,0.2659613512694082,0.0
0.02,0.26894928587548766,0.26217880517135767,0.25847116097623885,0.0
0.03,0.26812266901190535,0.2619664174850573,0.25082653376980835,0.0
0.04,0.2656003159557662,0.25829383886255924,0.24302264349657715,0.0
0.05,0.2629084559740584,0.25658934065020367,0.23505446079654113,0.0
0.060000000000000005,0.258915666700279,0.254579677994017,0.22691674229437667,0.0
0.06999999999999999,0.25806451612903225,0.25113387351577227,0.21860401909324095,0.0
0.08,0.2563362868328869,0.24919293907548593,0.21011058451816747,0.0
0.09,0.2560283318577158,0.24727878756314775,0.20143048105133415,0.0
0.09999999999999999,0.2538177988414955,0.24697209057398628,0.19255748639634895,0.0
0.11,0.25308411878516784,0.24688925572891704,0.1834850986030495,0.0
0.12,0.2526209966968261,0.24486571879936808,0.1742065201780842,0.0
0.13,0.25178406057634695,0.2448838771767355,0.16471464109967132,0.0
0.14,0.2519930930599949,0.24471876262904588,0.15500202064734192,0.0
0.15000000000000002,0.25183533128891367,0.2411485921382771,0.14506086794907536,0.0
0.16,0.2511848341232228,0.24102911306702776,0.13488302113894532,0.0
0.17,0.2515274367612631,0.24094482194179562,0.12445992500808922,0.0
0.18000000000000002,0.24975918005625555,0.23897044657650368,0.11378260702038298,0.0
0.19,0.24890293136738637,0.238566106917871,0.10284165155149885,0.0
0.2,0.2468404423380727,0.2381516587677725,0.09162717219589259,0.0
0.21000000000000002,0.24722538844561764,0.23656688063671086,0.08012878197052412,0.0
0.22,0.24482521164985618,0.23660226029894277,0.06833556122655651,0.0
0.23,0.24492726862395106,0.23715147411829876,0.056236023060667634,0.0
0.24000000000000002,0.2425376236800532,0.23364097447409993,0.04381807599567639,0.0
0.25,0.24065297525013163,0.23380726698262244,0.031068983675618778,0.0
0.26,0.23935784125357584,0.23030613551940565,0.01797532129285684,0.0
0.27,0.23698846545045335,0.22995520353177953,0.004522928433854878,0.0
0.28,0.2352115148323679,0.23020888186764965,-0.009303142004563836,0.0
0.29000000000000004,0.23505328972253742,0.22986894510824823,-0.023518679215895733,0.0
0.3,0.23493568043331076,0.22951929587000677,-0.03814037463326564,0.0
0.31,0.23557020857659636,0.2291595118712366,-0.05318588730911006,0.0
0.32,0.23324969798345876,0.22953257132236782,-0.06867391506365583,0.0
0.33,0.23404305486784088,0.22680436679163427,-0.08462427200490447,0.0
0.34,0.23414237158312987,0.22648283785724543,-0.10105797309588782,0.0
0.35000000000000003,0.2302831449750881,0.2245716368939118,-0.11799732652813227,0.0
0.36000000000000004,0.2313388625592417,0.22422985781990523,-0.13546603475513436,0.0
0.37,0.22909300634419116,0.22387722861656512,-0.1534893051480729,0.0
0.38,0.2284054425928757,0.22448147581919178,-0.1720939713601386,0.0
0.39,0.22813560199932664,0.22414730790148396,-0.19130862662833764,0.0
0.4,0.229594523433386,0.224855186940495,-0.21116377040547663,0.0
0.41000000000000003,0.22695263341098348,0.22454280129595416,-0.23169196990387453,0.0
0.42000000000000004,0.22323909135479653,0.22421964373263606,-0.25292803835049305,0.0
0.43,0.22385743188936005,0.22388514730744713,-0.27490923200576467,0.0
0.44,0.22331302189122096,0.22353870458135863,-0.297675468291582,0.0
0.45,0.22217435013643547,0.22447221025420078,-0.3212695677150653,0.0
0.46,0.220115850447604,0.22415306301562227,-0.3457375226727517,0.0
0.47000000000000003,0.2196190646517035,0.22224209365405825,-0.3711287966854452,0.0
0.48000000000000004,0.22056142909223478,0.22189816502612714,-0.39749665816016533,0.0
0.49,0.2216027011120404,0.22154074900102222,-0.4248985534182076,0.0
0.5,0.2227488151658768,0.22116903633491314,-0.45339652448657186,0.0
0.51,0.22078215172324855,0.22078215172324855,-0.4830576780475223,0.0
0.52,0.22037914691943128,0.22037914691943128,-0.5139547130068458,0.0
0.53,0.21995899297502605,0.21837921414406236,-0.5461665154112468,0.0
0.54,0.22007005975685143,0.219795315612336,-0.5797788309636651,0.0
0.55,0.21976478848516762,0.21976478848516762,-0.6148850272073023,0.0
0.56,0.2194456412465891,0.2194456412465891,-0.6515869596438318,0.0
0.5700000000000001,0.2143723134575113,0.21911164995040228,-0.6899959587053164,0.0
0.5800000000000001,0.21462423832092078,0.218761754306778,-0.7302339577221096,0.0
0.59,0.21434901552806998,0.21839479058297692,-0.7724347859592339,0.0
0.6,0.21406003159557663,0.21484992101105846,-0.8167456556082148,0.0
0.61,0.2121764491432738,0.2128650706849759,-0.8633288775468869,0.0
0.62,0.21185665585765362,0.21243867963748234,-0.9123638480086472,0.0
0.63,0.20993979761752274,0.21198924042525938,-0.9640493574142862,0.0
0.64,0.2095839915745129,0.21274354923644023,-1.018606284009128,0.0
0.65,0.2092078537576168,0.21236741141954413,-1.0762807492665316,0.0
0.66,0.2088095901867856,0.21196914784871293,-1.1373478301273119,0.0
0.67,0.20838718942984347,0.2115467470917708,-1.2021159461917756,0.0
0.68,0.20635860979462875,0.21109794628751974,-1.2709320695102688,0.0
0.6900000000000001,0.20588085409978088,0.21062019059267187,-1.3441879427202776,0.0
0.7000000000000001,0.20537124802527645,0.20853080568720378,-1.4223275408109535,0.0
0.7100000000000001,0.2048264967042545,0.20798605436618184,-1.505856076700987,0.0
0.72,0.20830512299706613,0.20740239223651546,-1.5953509365831637,0.0
0.73,0.20630741325844013,0.20519571704405828,-1.691475045345503,0.0
0.74,0.20585733381941915,0.2045205978855268,-1.7949933163203302,0.0
0.75,0.20537124802527645,0.2037914691943128,-1.9067930489731437,0.0
0.76,0.20326487625065826,0.20300157977883096,-2.0279094260136916,0.0
0.77,0.20111271378528747,0.20214300432722027,-2.1595576619273302,0.0
0.78,0.1989085164440615,0.2012063765618268,-2.303173919287664,0.0
0.79,0.19822462950425038,0.20018054615211012,-2.4604679154442195,0.0
0.8,0.19747235387045814,0.1990521327014218,-2.63349131121643,0.0
0.81,0.19190155483495466,0.1978049388875031,-2.8247276960172956,0.0
0.8200000000000001,0.1909777075653853,0.196419167983149,-3.0372125680182562,0.0
0.8300000000000001,0.18836539355078524,0.19329058637673077,-3.2746956602546247,0.0
0.8400000000000001,0.1872037914691943,0.1915481832543444,-3.54186413902054,0.0
0.85,0.1858873091100579,0.18957345971563982,-3.8446550816219056,0.0
0.86,0.18280297901150983,0.18731663281426314,-4.1907018731663275,0.0
0.87,0.17790740065621582,0.18471260177421317,-4.58998663264066,0.0
0.88,0.17430226434965773,0.19167983149025802,-5.055818852027383,0.0
0.89,0.17032888122935516,0.18928622720091914,-5.606347838575327,0.0
0.9,0.16587677725118483,0.18641390205371247,-6.26698262243286,0.0
0.91,0.16078637879585747,0.18290328242934878,-7.0744251360365125,0.0
0.92,0.1516587677725118,0.1753554502369668,-8.083728278041079,0.0
0.93,0.1396975851952155,0.16813360415256148,-9.381403746332662,0.0
0.9400000000000001,0.12743549236440227,0.16061084781463925,-11.111637704054777,0.0
0.9500000000000001,0.1090047393364928,0.1453396524486571,-13.533965244865739,0.0
0.9600000000000001,0.1232227488151658,0.12796208530805672,-17.167456556082183,0.0
0.97,0.10373880989994738,0.09531332280147455,-23.22327540810951,0.0
0.98,0.05371248025276469,0.03633491311216444,-35.334913112164266,0.0
0.99,0.08372827804107424,0.10268562401263823,-71.66982622432853,0.0
